LOCATION,INDICATOR,SUBJECT,MEASURE,FREQUENCY,TIME,Value,Flag Codes
AUT,CPIFORECAST,TOT,AGRWTH,Q,2004-Q1,1.465452482,
AUT,CPIFORECAST,TOT,AGRWTH,Q,2004-Q2,1.976656901,
AUT,CPIFORECAST,TOT,AGRWTH,Q,2004-Q3,2.031664275,
AUT,CPIFORECAST,TOT,AGRWTH,Q,2004-Q4,2.382199663,
AUT,CPIFORECAST,TOT,AGRWTH,Q,2005-Q1,2.421964726,
AUT,CPIFORECAST,TOT,AGRWTH,Q,2005-Q2,2.049751694,
AUT,CPIFORECAST,TOT,AGRWTH,Q,2005-Q3,2.163405375,
AUT,CPIFORECAST,TOT,AGRWTH,Q,2005-Q4,1.781735395,
AUT,CPIFORECAST,TOT,AGRWTH,Q,2006-Q1,1.510138397,
AUT,CPIFORECAST,TOT,AGRWTH,Q,2006-Q2,2.001942968,
AUT,CPIFORECAST,TOT,AGRWTH,Q,2006-Q3,1.780774531,
AUT,CPIFORECAST,TOT,AGRWTH,Q,2006-Q4,1.456284279,
AUT,CPIFORECAST,TOT,AGRWTH,Q,2007-Q1,1.854673239,
AUT,CPIFORECAST,TOT,AGRWTH,Q,2007-Q2,1.814492568,
AUT,CPIFORECAST,TOT,AGRWTH,Q,2007-Q3,1.952721323,
AUT,CPIFORECAST,TOT,AGRWTH,Q,2007-Q4,3.175149097,
AUT,CPIFORECAST,TOT,AGRWTH,Q,2008-Q1,3.286834863,
AUT,CPIFORECAST,TOT,AGRWTH,Q,2008-Q2,3.674583885,
AUT,CPIFORECAST,TOT,AGRWTH,Q,2008-Q3,3.72842868,
AUT,CPIFORECAST,TOT,AGRWTH,Q,2008-Q4,2.225768771,
AUT,CPIFORECAST,TOT,AGRWTH,Q,2009-Q1,1.061061193,
AUT,CPIFORECAST,TOT,AGRWTH,Q,2009-Q2,0.050745643,
AUT,CPIFORECAST,TOT,AGRWTH,Q,2009-Q3,-0.061389105,
AUT,CPIFORECAST,TOT,AGRWTH,Q,2009-Q4,0.566497733,
AUT,CPIFORECAST,TOT,AGRWTH,Q,2010-Q1,1.328436084,
AUT,CPIFORECAST,TOT,AGRWTH,Q,2010-Q2,1.777461143,
AUT,CPIFORECAST,TOT,AGRWTH,Q,2010-Q3,1.710770062,
AUT,CPIFORECAST,TOT,AGRWTH,Q,2010-Q4,1.957309951,
AUT,CPIFORECAST,TOT,AGRWTH,Q,2011-Q1,3.01528289,
AUT,CPIFORECAST,TOT,AGRWTH,Q,2011-Q2,3.697191729,
AUT,CPIFORECAST,TOT,AGRWTH,Q,2011-Q3,3.859499187,
AUT,CPIFORECAST,TOT,AGRWTH,Q,2011-Q4,3.626917332,
AUT,CPIFORECAST,TOT,AGRWTH,Q,2012-Q1,2.732259648,
AUT,CPIFORECAST,TOT,AGRWTH,Q,2012-Q2,2.273110487,
AUT,CPIFORECAST,TOT,AGRWTH,Q,2012-Q3,2.424623933,
AUT,CPIFORECAST,TOT,AGRWTH,Q,2012-Q4,2.857727521,
AUT,CPIFORECAST,TOT,AGRWTH,Q,2013-Q1,2.632134219,
AUT,CPIFORECAST,TOT,AGRWTH,Q,2013-Q2,2.267336638,
AUT,CPIFORECAST,TOT,AGRWTH,Q,2013-Q3,1.991351745,
AUT,CPIFORECAST,TOT,AGRWTH,Q,2013-Q4,1.5918763,
AUT,CPIFORECAST,TOT,AGRWTH,Q,2014-Q1,1.500854184,
AUT,CPIFORECAST,TOT,AGRWTH,Q,2014-Q2,1.621414399,
AUT,CPIFORECAST,TOT,AGRWTH,Q,2014-Q3,1.517701547,
AUT,CPIFORECAST,TOT,AGRWTH,Q,2014-Q4,1.205621172,
BEL,CPIFORECAST,TOT,AGRWTH,Q,2004-Q1,1.179718634,
BEL,CPIFORECAST,TOT,AGRWTH,Q,2004-Q2,1.992804387,
BEL,CPIFORECAST,TOT,AGRWTH,Q,2004-Q3,1.953982122,
BEL,CPIFORECAST,TOT,AGRWTH,Q,2004-Q4,2.298172877,
BEL,CPIFORECAST,TOT,AGRWTH,Q,2005-Q1,2.403000115,
BEL,CPIFORECAST,TOT,AGRWTH,Q,2005-Q2,2.432195482,
BEL,CPIFORECAST,TOT,AGRWTH,Q,2005-Q3,2.827013488,
BEL,CPIFORECAST,TOT,AGRWTH,Q,2005-Q4,2.486120311,
BEL,CPIFORECAST,TOT,AGRWTH,Q,2006-Q1,2.608930635,
BEL,CPIFORECAST,TOT,AGRWTH,Q,2006-Q2,2.554556959,
BEL,CPIFORECAST,TOT,AGRWTH,Q,2006-Q3,2.210172708,
BEL,CPIFORECAST,TOT,AGRWTH,Q,2006-Q4,1.94425535,
BEL,CPIFORECAST,TOT,AGRWTH,Q,2007-Q1,1.767923419,
BEL,CPIFORECAST,TOT,AGRWTH,Q,2007-Q2,1.428047364,
BEL,CPIFORECAST,TOT,AGRWTH,Q,2007-Q3,1.319145209,
BEL,CPIFORECAST,TOT,AGRWTH,Q,2007-Q4,2.746583024,
BEL,CPIFORECAST,TOT,AGRWTH,Q,2008-Q1,3.813430977,
BEL,CPIFORECAST,TOT,AGRWTH,Q,2008-Q2,4.970001926,
BEL,CPIFORECAST,TOT,AGRWTH,Q,2008-Q3,5.61684489,
BEL,CPIFORECAST,TOT,AGRWTH,Q,2008-Q4,3.568662022,
BEL,CPIFORECAST,TOT,AGRWTH,Q,2009-Q1,1.502840598,
BEL,CPIFORECAST,TOT,AGRWTH,Q,2009-Q2,-0.18574465,
BEL,CPIFORECAST,TOT,AGRWTH,Q,2009-Q3,-1.097353871,
BEL,CPIFORECAST,TOT,AGRWTH,Q,2009-Q4,-0.212050064,
BEL,CPIFORECAST,TOT,AGRWTH,Q,2010-Q1,1.12142668,
BEL,CPIFORECAST,TOT,AGRWTH,Q,2010-Q2,2.439753596,
BEL,CPIFORECAST,TOT,AGRWTH,Q,2010-Q3,2.634377665,
BEL,CPIFORECAST,TOT,AGRWTH,Q,2010-Q4,3.136436445,
BEL,CPIFORECAST,TOT,AGRWTH,Q,2011-Q1,3.394841422,
BEL,CPIFORECAST,TOT,AGRWTH,Q,2011-Q2,3.160161512,
BEL,CPIFORECAST,TOT,AGRWTH,Q,2011-Q3,3.584430657,
BEL,CPIFORECAST,TOT,AGRWTH,Q,2011-Q4,3.271872834,
BEL,CPIFORECAST,TOT,AGRWTH,Q,2012-Q1,3.23856488,
BEL,CPIFORECAST,TOT,AGRWTH,Q,2012-Q2,2.59887115,
BEL,CPIFORECAST,TOT,AGRWTH,Q,2012-Q3,2.40819769,
BEL,CPIFORECAST,TOT,AGRWTH,Q,2012-Q4,2.268764045,
BEL,CPIFORECAST,TOT,AGRWTH,Q,2013-Q1,1.497907772,
BEL,CPIFORECAST,TOT,AGRWTH,Q,2013-Q2,1.36283104,
BEL,CPIFORECAST,TOT,AGRWTH,Q,2013-Q3,1.235412292,
BEL,CPIFORECAST,TOT,AGRWTH,Q,2013-Q4,0.90068198,
BEL,CPIFORECAST,TOT,AGRWTH,Q,2014-Q1,0.95318726,
BEL,CPIFORECAST,TOT,AGRWTH,Q,2014-Q2,0.66521387,
BEL,CPIFORECAST,TOT,AGRWTH,Q,2014-Q3,0.359181803,
BEL,CPIFORECAST,TOT,AGRWTH,Q,2014-Q4,-0.012099225,
FIN,CPIFORECAST,TOT,AGRWTH,Q,2004-Q1,0.274487318,
FIN,CPIFORECAST,TOT,AGRWTH,Q,2004-Q2,-0.167705667,
FIN,CPIFORECAST,TOT,AGRWTH,Q,2004-Q3,0.185524672,
FIN,CPIFORECAST,TOT,AGRWTH,Q,2004-Q4,0.29646206,
FIN,CPIFORECAST,TOT,AGRWTH,Q,2005-Q1,0.301888256,
FIN,CPIFORECAST,TOT,AGRWTH,Q,2005-Q2,0.897343499,
FIN,CPIFORECAST,TOT,AGRWTH,Q,2005-Q3,0.969378879,
FIN,CPIFORECAST,TOT,AGRWTH,Q,2005-Q4,0.928477517,
FIN,CPIFORECAST,TOT,AGRWTH,Q,2006-Q1,1.228928278,
FIN,CPIFORECAST,TOT,AGRWTH,Q,2006-Q2,1.482364596,
FIN,CPIFORECAST,TOT,AGRWTH,Q,2006-Q3,1.126503344,
FIN,CPIFORECAST,TOT,AGRWTH,Q,2006-Q4,1.263962698,
FIN,CPIFORECAST,TOT,AGRWTH,Q,2007-Q1,1.322619583,
FIN,CPIFORECAST,TOT,AGRWTH,Q,2007-Q2,1.376975861,
FIN,CPIFORECAST,TOT,AGRWTH,Q,2007-Q3,1.544905173,
FIN,CPIFORECAST,TOT,AGRWTH,Q,2007-Q4,2.085281052,
FIN,CPIFORECAST,TOT,AGRWTH,Q,2008-Q1,3.368237422,
FIN,CPIFORECAST,TOT,AGRWTH,Q,2008-Q2,3.91336563,
FIN,CPIFORECAST,TOT,AGRWTH,Q,2008-Q3,4.574047968,
FIN,CPIFORECAST,TOT,AGRWTH,Q,2008-Q4,3.803495919,
FIN,CPIFORECAST,TOT,AGRWTH,Q,2009-Q1,2.342560171,
FIN,CPIFORECAST,TOT,AGRWTH,Q,2009-Q2,1.739406979,
FIN,CPIFORECAST,TOT,AGRWTH,Q,2009-Q3,1.228543973,
FIN,CPIFORECAST,TOT,AGRWTH,Q,2009-Q4,1.24045694,
FIN,CPIFORECAST,TOT,AGRWTH,Q,2010-Q1,1.398291029,
FIN,CPIFORECAST,TOT,AGRWTH,Q,2010-Q2,1.456363148,
FIN,CPIFORECAST,TOT,AGRWTH,Q,2010-Q3,1.418360082,
FIN,CPIFORECAST,TOT,AGRWTH,Q,2010-Q4,2.46501374,
FIN,CPIFORECAST,TOT,AGRWTH,Q,2011-Q1,3.326561272,
FIN,CPIFORECAST,TOT,AGRWTH,Q,2011-Q2,3.45951504,
FIN,CPIFORECAST,TOT,AGRWTH,Q,2011-Q3,3.568533749,
FIN,CPIFORECAST,TOT,AGRWTH,Q,2011-Q4,2.946981664,
FIN,CPIFORECAST,TOT,AGRWTH,Q,2012-Q1,3.016618943,
FIN,CPIFORECAST,TOT,AGRWTH,Q,2012-Q2,3.078451458,
FIN,CPIFORECAST,TOT,AGRWTH,Q,2012-Q3,3.256137938,
FIN,CPIFORECAST,TOT,AGRWTH,Q,2012-Q4,3.294071294,
FIN,CPIFORECAST,TOT,AGRWTH,Q,2013-Q1,2.582775253,
FIN,CPIFORECAST,TOT,AGRWTH,Q,2013-Q2,2.473739459,
FIN,CPIFORECAST,TOT,AGRWTH,Q,2013-Q3,2.089798752,
FIN,CPIFORECAST,TOT,AGRWTH,Q,2013-Q4,1.72634665,
FIN,CPIFORECAST,TOT,AGRWTH,Q,2014-Q1,1.671811288,
FIN,CPIFORECAST,TOT,AGRWTH,Q,2014-Q2,1.138794312,
FIN,CPIFORECAST,TOT,AGRWTH,Q,2014-Q3,1.184050812,
FIN,CPIFORECAST,TOT,AGRWTH,Q,2014-Q4,0.847484835,
FRA,CPIFORECAST,TOT,AGRWTH,Q,2004-Q1,2.046028931,
FRA,CPIFORECAST,TOT,AGRWTH,Q,2004-Q2,2.599586891,
FRA,CPIFORECAST,TOT,AGRWTH,Q,2004-Q3,2.454275908,
FRA,CPIFORECAST,TOT,AGRWTH,Q,2004-Q4,2.246194643,
FRA,CPIFORECAST,TOT,AGRWTH,Q,2005-Q1,1.924161609,
FRA,CPIFORECAST,TOT,AGRWTH,Q,2005-Q2,1.788258414,
FRA,CPIFORECAST,TOT,AGRWTH,Q,2005-Q3,2.006553783,
FRA,CPIFORECAST,TOT,AGRWTH,Q,2005-Q4,1.83841669,
FRA,CPIFORECAST,TOT,AGRWTH,Q,2006-Q1,2.013408856,
FRA,CPIFORECAST,TOT,AGRWTH,Q,2006-Q2,2.148333682,
FRA,CPIFORECAST,TOT,AGRWTH,Q,2006-Q3,1.904019682,
FRA,CPIFORECAST,TOT,AGRWTH,Q,2006-Q4,1.506253719,
FRA,CPIFORECAST,TOT,AGRWTH,Q,2007-Q1,1.287139764,
FRA,CPIFORECAST,TOT,AGRWTH,Q,2007-Q2,1.226095353,
FRA,CPIFORECAST,TOT,AGRWTH,Q,2007-Q3,1.346645123,
FRA,CPIFORECAST,TOT,AGRWTH,Q,2007-Q4,2.544302025,
FRA,CPIFORECAST,TOT,AGRWTH,Q,2008-Q1,3.292206023,
FRA,CPIFORECAST,TOT,AGRWTH,Q,2008-Q2,3.664455018,
FRA,CPIFORECAST,TOT,AGRWTH,Q,2008-Q3,3.663865232,
FRA,CPIFORECAST,TOT,AGRWTH,Q,2008-Q4,2.035690229,
FRA,CPIFORECAST,TOT,AGRWTH,Q,2009-Q1,0.662959692,
FRA,CPIFORECAST,TOT,AGRWTH,Q,2009-Q2,-0.247825444,
FRA,CPIFORECAST,TOT,AGRWTH,Q,2009-Q3,-0.421322773,
FRA,CPIFORECAST,TOT,AGRWTH,Q,2009-Q4,0.421202117,
FRA,CPIFORECAST,TOT,AGRWTH,Q,2010-Q1,1.427031174,
FRA,CPIFORECAST,TOT,AGRWTH,Q,2010-Q2,1.855137543,
FRA,CPIFORECAST,TOT,AGRWTH,Q,2010-Q3,1.789067961,
FRA,CPIFORECAST,TOT,AGRWTH,Q,2010-Q4,1.88356464,
FRA,CPIFORECAST,TOT,AGRWTH,Q,2011-Q1,1.962370097,
FRA,CPIFORECAST,TOT,AGRWTH,Q,2011-Q2,2.244842995,
FRA,CPIFORECAST,TOT,AGRWTH,Q,2011-Q3,2.309845612,
FRA,CPIFORECAST,TOT,AGRWTH,Q,2011-Q4,2.644437525,
FRA,CPIFORECAST,TOT,AGRWTH,Q,2012-Q1,2.567379027,
FRA,CPIFORECAST,TOT,AGRWTH,Q,2012-Q2,2.33847445,
FRA,CPIFORECAST,TOT,AGRWTH,Q,2012-Q3,2.249758474,
FRA,CPIFORECAST,TOT,AGRWTH,Q,2012-Q4,1.726591726,
FRA,CPIFORECAST,TOT,AGRWTH,Q,2013-Q1,1.227535168,
FRA,CPIFORECAST,TOT,AGRWTH,Q,2013-Q2,0.920065239,
FRA,CPIFORECAST,TOT,AGRWTH,Q,2013-Q3,1.044609225,
FRA,CPIFORECAST,TOT,AGRWTH,Q,2013-Q4,0.769387667,
FRA,CPIFORECAST,TOT,AGRWTH,Q,2014-Q1,0.889050474,
FRA,CPIFORECAST,TOT,AGRWTH,Q,2014-Q2,0.755576339,
FRA,CPIFORECAST,TOT,AGRWTH,Q,2014-Q3,0.466700725,
FRA,CPIFORECAST,TOT,AGRWTH,Q,2014-Q4,0.334550318,
DEU,CPIFORECAST,TOT,AGRWTH,Q,2004-Q1,1.045407276,
DEU,CPIFORECAST,TOT,AGRWTH,Q,2004-Q2,1.953919794,
DEU,CPIFORECAST,TOT,AGRWTH,Q,2004-Q3,2.014208567,
DEU,CPIFORECAST,TOT,AGRWTH,Q,2004-Q4,2.106861274,
DEU,CPIFORECAST,TOT,AGRWTH,Q,2005-Q1,1.800587519,
DEU,CPIFORECAST,TOT,AGRWTH,Q,2005-Q2,1.560154176,
DEU,CPIFORECAST,TOT,AGRWTH,Q,2005-Q3,2.131953157,
DEU,CPIFORECAST,TOT,AGRWTH,Q,2005-Q4,2.216246553,
DEU,CPIFORECAST,TOT,AGRWTH,Q,2006-Q1,2.083712685,
DEU,CPIFORECAST,TOT,AGRWTH,Q,2006-Q2,2.155214757,
DEU,CPIFORECAST,TOT,AGRWTH,Q,2006-Q3,1.58335474,
DEU,CPIFORECAST,TOT,AGRWTH,Q,2006-Q4,1.28712468,
DEU,CPIFORECAST,TOT,AGRWTH,Q,2007-Q1,1.866919019,
DEU,CPIFORECAST,TOT,AGRWTH,Q,2007-Q2,1.985191755,
DEU,CPIFORECAST,TOT,AGRWTH,Q,2007-Q3,2.215169114,
DEU,CPIFORECAST,TOT,AGRWTH,Q,2007-Q4,3.009234485,
DEU,CPIFORECAST,TOT,AGRWTH,Q,2008-Q1,3.057235659,
DEU,CPIFORECAST,TOT,AGRWTH,Q,2008-Q2,3.040042883,
DEU,CPIFORECAST,TOT,AGRWTH,Q,2008-Q3,3.234484918,
DEU,CPIFORECAST,TOT,AGRWTH,Q,2008-Q4,1.70202272,
DEU,CPIFORECAST,TOT,AGRWTH,Q,2009-Q1,0.785113532,
DEU,CPIFORECAST,TOT,AGRWTH,Q,2009-Q2,0.18259741,
DEU,CPIFORECAST,TOT,AGRWTH,Q,2009-Q3,-0.339936271,
DEU,CPIFORECAST,TOT,AGRWTH,Q,2009-Q4,0.364468966,
DEU,CPIFORECAST,TOT,AGRWTH,Q,2010-Q1,0.736698247,
DEU,CPIFORECAST,TOT,AGRWTH,Q,2010-Q2,1.042686451,
DEU,CPIFORECAST,TOT,AGRWTH,Q,2010-Q3,1.135049459,
DEU,CPIFORECAST,TOT,AGRWTH,Q,2010-Q4,1.557974975,
DEU,CPIFORECAST,TOT,AGRWTH,Q,2011-Q1,2.196925746,
DEU,CPIFORECAST,TOT,AGRWTH,Q,2011-Q2,2.55863732,
DEU,CPIFORECAST,TOT,AGRWTH,Q,2011-Q3,2.598283597,
DEU,CPIFORECAST,TOT,AGRWTH,Q,2011-Q4,2.57371882,
DEU,CPIFORECAST,TOT,AGRWTH,Q,2012-Q1,2.438382571,
DEU,CPIFORECAST,TOT,AGRWTH,Q,2012-Q2,2.105796527,
DEU,CPIFORECAST,TOT,AGRWTH,Q,2012-Q3,2.080248285,
DEU,CPIFORECAST,TOT,AGRWTH,Q,2012-Q4,2.015390639,
DEU,CPIFORECAST,TOT,AGRWTH,Q,2013-Q1,1.921372061,
DEU,CPIFORECAST,TOT,AGRWTH,Q,2013-Q2,1.562268109,
DEU,CPIFORECAST,TOT,AGRWTH,Q,2013-Q3,1.585906642,
DEU,CPIFORECAST,TOT,AGRWTH,Q,2013-Q4,1.360097514,
DEU,CPIFORECAST,TOT,AGRWTH,Q,2014-Q1,1.082031564,
DEU,CPIFORECAST,TOT,AGRWTH,Q,2014-Q2,0.907474483,
DEU,CPIFORECAST,TOT,AGRWTH,Q,2014-Q3,0.654756241,
DEU,CPIFORECAST,TOT,AGRWTH,Q,2014-Q4,0.436351361,
GRC,CPIFORECAST,TOT,AGRWTH,Q,2004-Q1,2.890279632,
GRC,CPIFORECAST,TOT,AGRWTH,Q,2004-Q2,3.093393278,
GRC,CPIFORECAST,TOT,AGRWTH,Q,2004-Q3,2.928534062,
GRC,CPIFORECAST,TOT,AGRWTH,Q,2004-Q4,3.164388972,
GRC,CPIFORECAST,TOT,AGRWTH,Q,2005-Q1,3.453655789,
GRC,CPIFORECAST,TOT,AGRWTH,Q,2005-Q2,3.296433586,
GRC,CPIFORECAST,TOT,AGRWTH,Q,2005-Q3,3.679657175,
GRC,CPIFORECAST,TOT,AGRWTH,Q,2005-Q4,3.514103315,
GRC,CPIFORECAST,TOT,AGRWTH,Q,2006-Q1,3.233071429,
GRC,CPIFORECAST,TOT,AGRWTH,Q,2006-Q2,3.464311931,
GRC,CPIFORECAST,TOT,AGRWTH,Q,2006-Q3,3.398747348,
GRC,CPIFORECAST,TOT,AGRWTH,Q,2006-Q4,3.15953198,
GRC,CPIFORECAST,TOT,AGRWTH,Q,2007-Q1,3.006137707,
GRC,CPIFORECAST,TOT,AGRWTH,Q,2007-Q2,2.648577533,
GRC,CPIFORECAST,TOT,AGRWTH,Q,2007-Q3,2.712518697,
GRC,CPIFORECAST,TOT,AGRWTH,Q,2007-Q4,3.584125712,
GRC,CPIFORECAST,TOT,AGRWTH,Q,2008-Q1,4.368722228,
GRC,CPIFORECAST,TOT,AGRWTH,Q,2008-Q2,4.771855763,
GRC,CPIFORECAST,TOT,AGRWTH,Q,2008-Q3,4.710891194,
GRC,CPIFORECAST,TOT,AGRWTH,Q,2008-Q4,3.092749111,
GRC,CPIFORECAST,TOT,AGRWTH,Q,2009-Q1,1.857930907,
GRC,CPIFORECAST,TOT,AGRWTH,Q,2009-Q2,0.828043022,
GRC,CPIFORECAST,TOT,AGRWTH,Q,2009-Q3,0.766105085,
GRC,CPIFORECAST,TOT,AGRWTH,Q,2009-Q4,1.941669232,
GRC,CPIFORECAST,TOT,AGRWTH,Q,2010-Q1,3.151910292,
GRC,CPIFORECAST,TOT,AGRWTH,Q,2010-Q2,5.02392824,
GRC,CPIFORECAST,TOT,AGRWTH,Q,2010-Q3,5.611599786,
GRC,CPIFORECAST,TOT,AGRWTH,Q,2010-Q4,5.017223346,
GRC,CPIFORECAST,TOT,AGRWTH,Q,2011-Q1,4.526496251,
GRC,CPIFORECAST,TOT,AGRWTH,Q,2011-Q2,3.244832685,
GRC,CPIFORECAST,TOT,AGRWTH,Q,2011-Q3,2.186086374,
GRC,CPIFORECAST,TOT,AGRWTH,Q,2011-Q4,2.561726999,
GRC,CPIFORECAST,TOT,AGRWTH,Q,2012-Q1,1.719045729,
GRC,CPIFORECAST,TOT,AGRWTH,Q,2012-Q2,1.15186741,
GRC,CPIFORECAST,TOT,AGRWTH,Q,2012-Q3,0.677058098,
GRC,CPIFORECAST,TOT,AGRWTH,Q,2012-Q4,0.600772207,
GRC,CPIFORECAST,TOT,AGRWTH,Q,2013-Q1,-0.026432563,
GRC,CPIFORECAST,TOT,AGRWTH,Q,2013-Q2,-0.307735766,
GRC,CPIFORECAST,TOT,AGRWTH,Q,2013-Q3,-1.00503084,
GRC,CPIFORECAST,TOT,AGRWTH,Q,2013-Q4,-2.070623848,
GRC,CPIFORECAST,TOT,AGRWTH,Q,2014-Q1,-1.25698905,
GRC,CPIFORECAST,TOT,AGRWTH,Q,2014-Q2,-1.618425855,
GRC,CPIFORECAST,TOT,AGRWTH,Q,2014-Q3,-0.996661913,
GRC,CPIFORECAST,TOT,AGRWTH,Q,2014-Q4,-1.703805361,
IRL,CPIFORECAST,TOT,AGRWTH,Q,2004-Q1,2.103087408,
IRL,CPIFORECAST,TOT,AGRWTH,Q,2004-Q2,2.120500681,
IRL,CPIFORECAST,TOT,AGRWTH,Q,2004-Q3,2.432549928,
IRL,CPIFORECAST,TOT,AGRWTH,Q,2004-Q4,2.53856802,
IRL,CPIFORECAST,TOT,AGRWTH,Q,2005-Q1,2.025887074,
IRL,CPIFORECAST,TOT,AGRWTH,Q,2005-Q2,2.114344599,
IRL,CPIFORECAST,TOT,AGRWTH,Q,2005-Q3,2.339675605,
IRL,CPIFORECAST,TOT,AGRWTH,Q,2005-Q4,2.247858552,
IRL,CPIFORECAST,TOT,AGRWTH,Q,2006-Q1,2.625404282,
IRL,CPIFORECAST,TOT,AGRWTH,Q,2006-Q2,2.89191426,
IRL,CPIFORECAST,TOT,AGRWTH,Q,2006-Q3,2.694969064,
IRL,CPIFORECAST,TOT,AGRWTH,Q,2006-Q4,2.524557084,
IRL,CPIFORECAST,TOT,AGRWTH,Q,2007-Q1,2.903967722,
IRL,CPIFORECAST,TOT,AGRWTH,Q,2007-Q2,2.756746254,
IRL,CPIFORECAST,TOT,AGRWTH,Q,2007-Q3,2.642577637,
IRL,CPIFORECAST,TOT,AGRWTH,Q,2007-Q4,3.21580242,
IRL,CPIFORECAST,TOT,AGRWTH,Q,2008-Q1,3.386965955,
IRL,CPIFORECAST,TOT,AGRWTH,Q,2008-Q2,3.685702303,
IRL,CPIFORECAST,TOT,AGRWTH,Q,2008-Q3,3.320795529,
IRL,CPIFORECAST,TOT,AGRWTH,Q,2008-Q4,2.1008033,
IRL,CPIFORECAST,TOT,AGRWTH,Q,2009-Q1,0.127734371,
IRL,CPIFORECAST,TOT,AGRWTH,Q,2009-Q2,-1.532294446,
IRL,CPIFORECAST,TOT,AGRWTH,Q,2009-Q3,-2.587459528,
IRL,CPIFORECAST,TOT,AGRWTH,Q,2009-Q4,-2.758162291,
IRL,CPIFORECAST,TOT,AGRWTH,Q,2010-Q1,-2.517908947,
IRL,CPIFORECAST,TOT,AGRWTH,Q,2010-Q2,-2.11320267,
IRL,CPIFORECAST,TOT,AGRWTH,Q,2010-Q3,-1.195246544,
IRL,CPIFORECAST,TOT,AGRWTH,Q,2010-Q4,-0.595694658,
IRL,CPIFORECAST,TOT,AGRWTH,Q,2011-Q1,0.796394909,
IRL,CPIFORECAST,TOT,AGRWTH,Q,2011-Q2,1.31511812,
IRL,CPIFORECAST,TOT,AGRWTH,Q,2011-Q3,1.110788826,
IRL,CPIFORECAST,TOT,AGRWTH,Q,2011-Q4,1.629126,
IRL,CPIFORECAST,TOT,AGRWTH,Q,2012-Q1,1.639895021,
IRL,CPIFORECAST,TOT,AGRWTH,Q,2012-Q2,1.871667955,
IRL,CPIFORECAST,TOT,AGRWTH,Q,2012-Q3,2.282437839,
IRL,CPIFORECAST,TOT,AGRWTH,Q,2012-Q4,1.807096198,
IRL,CPIFORECAST,TOT,AGRWTH,Q,2013-Q1,1.138372466,
IRL,CPIFORECAST,TOT,AGRWTH,Q,2013-Q2,0.548388083,
IRL,CPIFORECAST,TOT,AGRWTH,Q,2013-Q3,0.238091512,
IRL,CPIFORECAST,TOT,AGRWTH,Q,2013-Q4,0.197497215,
IRL,CPIFORECAST,TOT,AGRWTH,Q,2014-Q1,0.247261319,
IRL,CPIFORECAST,TOT,AGRWTH,Q,2014-Q2,0.39337001,
IRL,CPIFORECAST,TOT,AGRWTH,Q,2014-Q3,0.444735248,
IRL,CPIFORECAST,TOT,AGRWTH,Q,2014-Q4,0.118326718,
ITA,CPIFORECAST,TOT,AGRWTH,Q,2004-Q1,2.36235319,
ITA,CPIFORECAST,TOT,AGRWTH,Q,2004-Q2,2.33116097,
ITA,CPIFORECAST,TOT,AGRWTH,Q,2004-Q3,2.221357954,
ITA,CPIFORECAST,TOT,AGRWTH,Q,2004-Q4,2.116251684,
ITA,CPIFORECAST,TOT,AGRWTH,Q,2005-Q1,2.16997038,
ITA,CPIFORECAST,TOT,AGRWTH,Q,2005-Q2,2.145777748,
ITA,CPIFORECAST,TOT,AGRWTH,Q,2005-Q3,2.188121555,
ITA,CPIFORECAST,TOT,AGRWTH,Q,2005-Q4,2.32403272,
ITA,CPIFORECAST,TOT,AGRWTH,Q,2006-Q1,2.228969393,
ITA,CPIFORECAST,TOT,AGRWTH,Q,2006-Q2,2.293297892,
ITA,CPIFORECAST,TOT,AGRWTH,Q,2006-Q3,2.393602087,
ITA,CPIFORECAST,TOT,AGRWTH,Q,2006-Q4,2.003086413,
ITA,CPIFORECAST,TOT,AGRWTH,Q,2007-Q1,2.053000236,
ITA,CPIFORECAST,TOT,AGRWTH,Q,2007-Q2,1.816357089,
ITA,CPIFORECAST,TOT,AGRWTH,Q,2007-Q3,1.710383637,
ITA,CPIFORECAST,TOT,AGRWTH,Q,2007-Q4,2.517760431,
ITA,CPIFORECAST,TOT,AGRWTH,Q,2008-Q1,3.305581013,
ITA,CPIFORECAST,TOT,AGRWTH,Q,2008-Q2,3.690047955,
ITA,CPIFORECAST,TOT,AGRWTH,Q,2008-Q3,4.087285201,
ITA,CPIFORECAST,TOT,AGRWTH,Q,2008-Q4,2.892047851,
ITA,CPIFORECAST,TOT,AGRWTH,Q,2009-Q1,1.402732723,
ITA,CPIFORECAST,TOT,AGRWTH,Q,2009-Q2,0.783272013,
ITA,CPIFORECAST,TOT,AGRWTH,Q,2009-Q3,0.166315045,
ITA,CPIFORECAST,TOT,AGRWTH,Q,2009-Q4,0.719717938,
ITA,CPIFORECAST,TOT,AGRWTH,Q,2010-Q1,1.299158828,
ITA,CPIFORECAST,TOT,AGRWTH,Q,2010-Q2,1.497038214,
ITA,CPIFORECAST,TOT,AGRWTH,Q,2010-Q3,1.763767433,
ITA,CPIFORECAST,TOT,AGRWTH,Q,2010-Q4,1.914970312,
ITA,CPIFORECAST,TOT,AGRWTH,Q,2011-Q1,2.370548439,
ITA,CPIFORECAST,TOT,AGRWTH,Q,2011-Q2,2.916593929,
ITA,CPIFORECAST,TOT,AGRWTH,Q,2011-Q3,2.756252711,
ITA,CPIFORECAST,TOT,AGRWTH,Q,2011-Q4,3.688255019,
ITA,CPIFORECAST,TOT,AGRWTH,Q,2012-Q1,3.557195623,
ITA,CPIFORECAST,TOT,AGRWTH,Q,2012-Q2,3.589003977,
ITA,CPIFORECAST,TOT,AGRWTH,Q,2012-Q3,3.551166307,
ITA,CPIFORECAST,TOT,AGRWTH,Q,2012-Q4,2.578977186,
ITA,CPIFORECAST,TOT,AGRWTH,Q,2013-Q1,2.090012973,
ITA,CPIFORECAST,TOT,AGRWTH,Q,2013-Q2,1.207618964,
ITA,CPIFORECAST,TOT,AGRWTH,Q,2013-Q3,1.116270525,
ITA,CPIFORECAST,TOT,AGRWTH,Q,2013-Q4,0.578985635,
ITA,CPIFORECAST,TOT,AGRWTH,Q,2014-Q1,0.460654219,
ITA,CPIFORECAST,TOT,AGRWTH,Q,2014-Q2,0.394095612,
ITA,CPIFORECAST,TOT,AGRWTH,Q,2014-Q3,-0.052409944,
ITA,CPIFORECAST,TOT,AGRWTH,Q,2014-Q4,0.135607092,
LUX,CPIFORECAST,TOT,AGRWTH,Q,2004-Q1,2.295018879,
LUX,CPIFORECAST,TOT,AGRWTH,Q,2004-Q2,3.332577426,
LUX,CPIFORECAST,TOT,AGRWTH,Q,2004-Q3,3.457668291,
LUX,CPIFORECAST,TOT,AGRWTH,Q,2004-Q4,3.880796545,
LUX,CPIFORECAST,TOT,AGRWTH,Q,2005-Q1,3.234913023,
LUX,CPIFORECAST,TOT,AGRWTH,Q,2005-Q2,3.510915542,
LUX,CPIFORECAST,TOT,AGRWTH,Q,2005-Q3,4.250638713,
LUX,CPIFORECAST,TOT,AGRWTH,Q,2005-Q4,4.050707385,
LUX,CPIFORECAST,TOT,AGRWTH,Q,2006-Q1,3.961238215,
LUX,CPIFORECAST,TOT,AGRWTH,Q,2006-Q2,3.560113388,
LUX,CPIFORECAST,TOT,AGRWTH,Q,2006-Q3,2.774277189,
LUX,CPIFORECAST,TOT,AGRWTH,Q,2006-Q4,1.586393306,
LUX,CPIFORECAST,TOT,AGRWTH,Q,2007-Q1,2.205925661,
LUX,CPIFORECAST,TOT,AGRWTH,Q,2007-Q2,2.268111916,
LUX,CPIFORECAST,TOT,AGRWTH,Q,2007-Q3,2.102288814,
LUX,CPIFORECAST,TOT,AGRWTH,Q,2007-Q4,4.023345209,
LUX,CPIFORECAST,TOT,AGRWTH,Q,2008-Q1,4.232474934,
LUX,CPIFORECAST,TOT,AGRWTH,Q,2008-Q2,4.784010981,
LUX,CPIFORECAST,TOT,AGRWTH,Q,2008-Q3,5.161253455,
LUX,CPIFORECAST,TOT,AGRWTH,Q,2008-Q4,2.226409017,
LUX,CPIFORECAST,TOT,AGRWTH,Q,2009-Q1,0.099379514,
LUX,CPIFORECAST,TOT,AGRWTH,Q,2009-Q2,-0.723954372,
LUX,CPIFORECAST,TOT,AGRWTH,Q,2009-Q3,-0.671437887,
LUX,CPIFORECAST,TOT,AGRWTH,Q,2009-Q4,1.341882263,
LUX,CPIFORECAST,TOT,AGRWTH,Q,2010-Q1,2.745748009,
LUX,CPIFORECAST,TOT,AGRWTH,Q,2010-Q2,2.892237976,
LUX,CPIFORECAST,TOT,AGRWTH,Q,2010-Q3,2.712102141,
LUX,CPIFORECAST,TOT,AGRWTH,Q,2010-Q4,2.843369403,
LUX,CPIFORECAST,TOT,AGRWTH,Q,2011-Q1,3.712516021,
LUX,CPIFORECAST,TOT,AGRWTH,Q,2011-Q2,3.916872925,
LUX,CPIFORECAST,TOT,AGRWTH,Q,2011-Q3,3.593779116,
LUX,CPIFORECAST,TOT,AGRWTH,Q,2011-Q4,3.70621489,
LUX,CPIFORECAST,TOT,AGRWTH,Q,2012-Q1,3.09039373,
LUX,CPIFORECAST,TOT,AGRWTH,Q,2012-Q2,2.787927057,
LUX,CPIFORECAST,TOT,AGRWTH,Q,2012-Q3,2.933900922,
LUX,CPIFORECAST,TOT,AGRWTH,Q,2012-Q4,2.760003268,
LUX,CPIFORECAST,TOT,AGRWTH,Q,2013-Q1,2.213015806,
LUX,CPIFORECAST,TOT,AGRWTH,Q,2013-Q2,1.713835871,
LUX,CPIFORECAST,TOT,AGRWTH,Q,2013-Q3,1.682379549,
LUX,CPIFORECAST,TOT,AGRWTH,Q,2013-Q4,1.197006077,
LUX,CPIFORECAST,TOT,AGRWTH,Q,2014-Q1,1.025339217,
LUX,CPIFORECAST,TOT,AGRWTH,Q,2014-Q2,1.170553723,
LUX,CPIFORECAST,TOT,AGRWTH,Q,2014-Q3,0.751923007,
LUX,CPIFORECAST,TOT,AGRWTH,Q,2014-Q4,-0.159975983,
NLD,CPIFORECAST,TOT,AGRWTH,Q,2004-Q1,1.413987181,
NLD,CPIFORECAST,TOT,AGRWTH,Q,2004-Q2,1.579786861,
NLD,CPIFORECAST,TOT,AGRWTH,Q,2004-Q3,1.185878222,
NLD,CPIFORECAST,TOT,AGRWTH,Q,2004-Q4,1.36504888,
NLD,CPIFORECAST,TOT,AGRWTH,Q,2005-Q1,1.481450104,
NLD,CPIFORECAST,TOT,AGRWTH,Q,2005-Q2,1.216963707,
NLD,CPIFORECAST,TOT,AGRWTH,Q,2005-Q3,1.605402634,
NLD,CPIFORECAST,TOT,AGRWTH,Q,2005-Q4,1.664492836,
NLD,CPIFORECAST,TOT,AGRWTH,Q,2006-Q1,1.62059796,
NLD,CPIFORECAST,TOT,AGRWTH,Q,2006-Q2,1.705796141,
NLD,CPIFORECAST,TOT,AGRWTH,Q,2006-Q3,1.706731986,
NLD,CPIFORECAST,TOT,AGRWTH,Q,2006-Q4,1.565943481,
NLD,CPIFORECAST,TOT,AGRWTH,Q,2007-Q1,1.550578157,
NLD,CPIFORECAST,TOT,AGRWTH,Q,2007-Q2,1.835111854,
NLD,CPIFORECAST,TOT,AGRWTH,Q,2007-Q3,1.271160664,
NLD,CPIFORECAST,TOT,AGRWTH,Q,2007-Q4,1.68211315,
NLD,CPIFORECAST,TOT,AGRWTH,Q,2008-Q1,1.928245332,
NLD,CPIFORECAST,TOT,AGRWTH,Q,2008-Q2,1.959469382,
NLD,CPIFORECAST,TOT,AGRWTH,Q,2008-Q3,2.911526489,
NLD,CPIFORECAST,TOT,AGRWTH,Q,2008-Q4,2.038847081,
NLD,CPIFORECAST,TOT,AGRWTH,Q,2009-Q1,1.81881591,
NLD,CPIFORECAST,TOT,AGRWTH,Q,2009-Q2,1.537470816,
NLD,CPIFORECAST,TOT,AGRWTH,Q,2009-Q3,-0.038043804,
NLD,CPIFORECAST,TOT,AGRWTH,Q,2009-Q4,0.59694432,
NLD,CPIFORECAST,TOT,AGRWTH,Q,2010-Q1,0.45236612,
NLD,CPIFORECAST,TOT,AGRWTH,Q,2010-Q2,0.476824101,
NLD,CPIFORECAST,TOT,AGRWTH,Q,2010-Q3,1.272622542,
NLD,CPIFORECAST,TOT,AGRWTH,Q,2010-Q4,1.523833986,
NLD,CPIFORECAST,TOT,AGRWTH,Q,2011-Q1,1.88665428,
NLD,CPIFORECAST,TOT,AGRWTH,Q,2011-Q2,2.312129731,
NLD,CPIFORECAST,TOT,AGRWTH,Q,2011-Q3,3.061326351,
NLD,CPIFORECAST,TOT,AGRWTH,Q,2011-Q4,2.636215779,
NLD,CPIFORECAST,TOT,AGRWTH,Q,2012-Q1,2.894591994,
NLD,CPIFORECAST,TOT,AGRWTH,Q,2012-Q2,2.671722875,
NLD,CPIFORECAST,TOT,AGRWTH,Q,2012-Q3,2.455850092,
NLD,CPIFORECAST,TOT,AGRWTH,Q,2012-Q4,3.273860636,
NLD,CPIFORECAST,TOT,AGRWTH,Q,2013-Q1,3.284301448,
NLD,CPIFORECAST,TOT,AGRWTH,Q,2013-Q2,3.073672652,
NLD,CPIFORECAST,TOT,AGRWTH,Q,2013-Q3,2.609401052,
NLD,CPIFORECAST,TOT,AGRWTH,Q,2013-Q4,1.308341349,
NLD,CPIFORECAST,TOT,AGRWTH,Q,2014-Q1,0.537449785,
NLD,CPIFORECAST,TOT,AGRWTH,Q,2014-Q2,0.368622117,
NLD,CPIFORECAST,TOT,AGRWTH,Q,2014-Q3,0.201841478,
NLD,CPIFORECAST,TOT,AGRWTH,Q,2014-Q4,0.166670456,
PRT,CPIFORECAST,TOT,AGRWTH,Q,2004-Q1,2.242465349,
PRT,CPIFORECAST,TOT,AGRWTH,Q,2004-Q2,2.807229928,
PRT,CPIFORECAST,TOT,AGRWTH,Q,2004-Q3,2.490282677,
PRT,CPIFORECAST,TOT,AGRWTH,Q,2004-Q4,2.499435448,
PRT,CPIFORECAST,TOT,AGRWTH,Q,2005-Q1,2.139002708,
PRT,CPIFORECAST,TOT,AGRWTH,Q,2005-Q2,1.442535637,
PRT,CPIFORECAST,TOT,AGRWTH,Q,2005-Q3,2.338367103,
PRT,CPIFORECAST,TOT,AGRWTH,Q,2005-Q4,2.594937093,
PRT,CPIFORECAST,TOT,AGRWTH,Q,2006-Q1,3.179809958,
PRT,CPIFORECAST,TOT,AGRWTH,Q,2006-Q2,3.563040769,
PRT,CPIFORECAST,TOT,AGRWTH,Q,2006-Q3,2.876370324,
PRT,CPIFORECAST,TOT,AGRWTH,Q,2006-Q4,2.574972621,
PRT,CPIFORECAST,TOT,AGRWTH,Q,2007-Q1,2.439770117,
PRT,CPIFORECAST,TOT,AGRWTH,Q,2007-Q2,2.474430608,
PRT,CPIFORECAST,TOT,AGRWTH,Q,2007-Q3,2.073739866,
PRT,CPIFORECAST,TOT,AGRWTH,Q,2007-Q4,2.699628275,
PRT,CPIFORECAST,TOT,AGRWTH,Q,2008-Q1,3.001330713,
PRT,CPIFORECAST,TOT,AGRWTH,Q,2008-Q2,2.905020361,
PRT,CPIFORECAST,TOT,AGRWTH,Q,2008-Q3,3.138643664,
PRT,CPIFORECAST,TOT,AGRWTH,Q,2008-Q4,1.576584325,
PRT,CPIFORECAST,TOT,AGRWTH,Q,2009-Q1,-0.153789042,
PRT,CPIFORECAST,TOT,AGRWTH,Q,2009-Q2,-1.135451463,
PRT,CPIFORECAST,TOT,AGRWTH,Q,2009-Q3,-1.457613188,
PRT,CPIFORECAST,TOT,AGRWTH,Q,2009-Q4,-0.856857326,
PRT,CPIFORECAST,TOT,AGRWTH,Q,2010-Q1,0.271677537,
PRT,CPIFORECAST,TOT,AGRWTH,Q,2010-Q2,0.993649116,
PRT,CPIFORECAST,TOT,AGRWTH,Q,2010-Q3,1.992389637,
PRT,CPIFORECAST,TOT,AGRWTH,Q,2010-Q4,2.309324496,
PRT,CPIFORECAST,TOT,AGRWTH,Q,2011-Q1,3.665735021,
PRT,CPIFORECAST,TOT,AGRWTH,Q,2011-Q2,3.685310475,
PRT,CPIFORECAST,TOT,AGRWTH,Q,2011-Q3,3.134624179,
PRT,CPIFORECAST,TOT,AGRWTH,Q,2011-Q4,3.732741897,
PRT,CPIFORECAST,TOT,AGRWTH,Q,2012-Q1,3.402199582,
PRT,CPIFORECAST,TOT,AGRWTH,Q,2012-Q2,2.802968338,
PRT,CPIFORECAST,TOT,AGRWTH,Q,2012-Q3,2.917096904,
PRT,CPIFORECAST,TOT,AGRWTH,Q,2012-Q4,1.996243199,
PRT,CPIFORECAST,TOT,AGRWTH,Q,2013-Q1,0.576195845,
PRT,CPIFORECAST,TOT,AGRWTH,Q,2013-Q2,0.793405263,
PRT,CPIFORECAST,TOT,AGRWTH,Q,2013-Q3,0.355433994,
PRT,CPIFORECAST,TOT,AGRWTH,Q,2013-Q4,0.038461067,
PRT,CPIFORECAST,TOT,AGRWTH,Q,2014-Q1,-0.006335086,
PRT,CPIFORECAST,TOT,AGRWTH,Q,2014-Q2,-0.280326155,
PRT,CPIFORECAST,TOT,AGRWTH,Q,2014-Q3,-0.340570453,
PRT,CPIFORECAST,TOT,AGRWTH,Q,2014-Q4,-0.011288341,
SVK,CPIFORECAST,TOT,AGRWTH,Q,2004-Q1,8.281591964,
SVK,CPIFORECAST,TOT,AGRWTH,Q,2004-Q2,8.236176458,
SVK,CPIFORECAST,TOT,AGRWTH,Q,2004-Q3,7.392455249,
SVK,CPIFORECAST,TOT,AGRWTH,Q,2004-Q4,6.047055925,
SVK,CPIFORECAST,TOT,AGRWTH,Q,2005-Q1,2.939002386,
SVK,CPIFORECAST,TOT,AGRWTH,Q,2005-Q2,2.615735044,
SVK,CPIFORECAST,TOT,AGRWTH,Q,2005-Q3,2.187125078,
SVK,CPIFORECAST,TOT,AGRWTH,Q,2005-Q4,3.411358335,
SVK,CPIFORECAST,TOT,AGRWTH,Q,2006-Q1,4.393322869,
SVK,CPIFORECAST,TOT,AGRWTH,Q,2006-Q2,4.644696245,
SVK,CPIFORECAST,TOT,AGRWTH,Q,2006-Q3,4.770770292,
SVK,CPIFORECAST,TOT,AGRWTH,Q,2006-Q4,3.269005706,
SVK,CPIFORECAST,TOT,AGRWTH,Q,2007-Q1,2.236288928,
SVK,CPIFORECAST,TOT,AGRWTH,Q,2007-Q2,1.707681224,
SVK,CPIFORECAST,TOT,AGRWTH,Q,2007-Q3,1.350395829,
SVK,CPIFORECAST,TOT,AGRWTH,Q,2007-Q4,2.269577463,
SVK,CPIFORECAST,TOT,AGRWTH,Q,2008-Q1,3.476686818,
SVK,CPIFORECAST,TOT,AGRWTH,Q,2008-Q2,4.036434036,
SVK,CPIFORECAST,TOT,AGRWTH,Q,2008-Q3,4.403482645,
SVK,CPIFORECAST,TOT,AGRWTH,Q,2008-Q4,3.824844666,
SVK,CPIFORECAST,TOT,AGRWTH,Q,2009-Q1,2.367781106,
SVK,CPIFORECAST,TOT,AGRWTH,Q,2009-Q2,1.030710092,
SVK,CPIFORECAST,TOT,AGRWTH,Q,2009-Q3,0.342611771,
SVK,CPIFORECAST,TOT,AGRWTH,Q,2009-Q4,-0.005067735,
SVK,CPIFORECAST,TOT,AGRWTH,Q,2010-Q1,-0.012021156,
SVK,CPIFORECAST,TOT,AGRWTH,Q,2010-Q2,0.662771522,
SVK,CPIFORECAST,TOT,AGRWTH,Q,2010-Q3,1.011724899,
SVK,CPIFORECAST,TOT,AGRWTH,Q,2010-Q4,1.115520262,
SVK,CPIFORECAST,TOT,AGRWTH,Q,2011-Q1,3.501627458,
SVK,CPIFORECAST,TOT,AGRWTH,Q,2011-Q2,4.04679595,
SVK,CPIFORECAST,TOT,AGRWTH,Q,2011-Q3,4.072971141,
SVK,CPIFORECAST,TOT,AGRWTH,Q,2011-Q4,4.694940871,
SVK,CPIFORECAST,TOT,AGRWTH,Q,2012-Q1,3.984722484,
SVK,CPIFORECAST,TOT,AGRWTH,Q,2012-Q2,3.664185514,
SVK,CPIFORECAST,TOT,AGRWTH,Q,2012-Q3,3.750582174,
SVK,CPIFORECAST,TOT,AGRWTH,Q,2012-Q4,3.572957876,
SVK,CPIFORECAST,TOT,AGRWTH,Q,2013-Q1,2.299678124,
SVK,CPIFORECAST,TOT,AGRWTH,Q,2013-Q2,1.781582639,
SVK,CPIFORECAST,TOT,AGRWTH,Q,2013-Q3,1.318063855,
SVK,CPIFORECAST,TOT,AGRWTH,Q,2013-Q4,0.475889816,
SVK,CPIFORECAST,TOT,AGRWTH,Q,2014-Q1,-0.035017956,
SVK,CPIFORECAST,TOT,AGRWTH,Q,2014-Q2,-0.094685232,
SVK,CPIFORECAST,TOT,AGRWTH,Q,2014-Q3,-0.179016178,
SVK,CPIFORECAST,TOT,AGRWTH,Q,2014-Q4,-0.099187813,
ESP,CPIFORECAST,TOT,AGRWTH,Q,2004-Q1,2.316731308,
ESP,CPIFORECAST,TOT,AGRWTH,Q,2004-Q2,3.135719195,
ESP,CPIFORECAST,TOT,AGRWTH,Q,2004-Q3,3.285363039,
ESP,CPIFORECAST,TOT,AGRWTH,Q,2004-Q4,3.46790309,
ESP,CPIFORECAST,TOT,AGRWTH,Q,2005-Q1,3.3539267,
ESP,CPIFORECAST,TOT,AGRWTH,Q,2005-Q2,3.193179744,
ESP,CPIFORECAST,TOT,AGRWTH,Q,2005-Q3,3.410593673,
ESP,CPIFORECAST,TOT,AGRWTH,Q,2005-Q4,3.574806293,
ESP,CPIFORECAST,TOT,AGRWTH,Q,2006-Q1,4.089827895,
ESP,CPIFORECAST,TOT,AGRWTH,Q,2006-Q2,3.959301742,
ESP,CPIFORECAST,TOT,AGRWTH,Q,2006-Q3,3.539432741,
ESP,CPIFORECAST,TOT,AGRWTH,Q,2006-Q4,2.680000301,
ESP,CPIFORECAST,TOT,AGRWTH,Q,2007-Q1,2.47276335,
ESP,CPIFORECAST,TOT,AGRWTH,Q,2007-Q2,2.459691089,
ESP,CPIFORECAST,TOT,AGRWTH,Q,2007-Q3,2.424510516,
ESP,CPIFORECAST,TOT,AGRWTH,Q,2007-Q4,4.005302299,
ESP,CPIFORECAST,TOT,AGRWTH,Q,2008-Q1,4.502636972,
ESP,CPIFORECAST,TOT,AGRWTH,Q,2008-Q2,4.663333704,
ESP,CPIFORECAST,TOT,AGRWTH,Q,2008-Q3,4.949331814,
ESP,CPIFORECAST,TOT,AGRWTH,Q,2008-Q4,2.4448629,
ESP,CPIFORECAST,TOT,AGRWTH,Q,2009-Q1,0.503740411,
ESP,CPIFORECAST,TOT,AGRWTH,Q,2009-Q2,-0.687387987,
ESP,CPIFORECAST,TOT,AGRWTH,Q,2009-Q3,-0.957125871,
ESP,CPIFORECAST,TOT,AGRWTH,Q,2009-Q4,0.197278112,
ESP,CPIFORECAST,TOT,AGRWTH,Q,2010-Q1,1.294418527,
ESP,CPIFORECAST,TOT,AGRWTH,Q,2010-Q2,2.267565351,
ESP,CPIFORECAST,TOT,AGRWTH,Q,2010-Q3,2.106109763,
ESP,CPIFORECAST,TOT,AGRWTH,Q,2010-Q4,2.499986741,
ESP,CPIFORECAST,TOT,AGRWTH,Q,2011-Q1,3.255009793,
ESP,CPIFORECAST,TOT,AGRWTH,Q,2011-Q2,3.317014756,
ESP,CPIFORECAST,TOT,AGRWTH,Q,2011-Q3,2.949720312,
ESP,CPIFORECAST,TOT,AGRWTH,Q,2011-Q4,2.684280854,
ESP,CPIFORECAST,TOT,AGRWTH,Q,2012-Q1,1.919210606,
ESP,CPIFORECAST,TOT,AGRWTH,Q,2012-Q2,1.923660528,
ESP,CPIFORECAST,TOT,AGRWTH,Q,2012-Q3,2.764927043,
ESP,CPIFORECAST,TOT,AGRWTH,Q,2012-Q4,3.127940747,
ESP,CPIFORECAST,TOT,AGRWTH,Q,2013-Q1,2.806636612,
ESP,CPIFORECAST,TOT,AGRWTH,Q,2013-Q2,1.865544336,
ESP,CPIFORECAST,TOT,AGRWTH,Q,2013-Q3,1.285048401,
ESP,CPIFORECAST,TOT,AGRWTH,Q,2013-Q4,0.198508811,
ESP,CPIFORECAST,TOT,AGRWTH,Q,2014-Q1,0.090255014,
ESP,CPIFORECAST,TOT,AGRWTH,Q,2014-Q2,0.135291454,
ESP,CPIFORECAST,TOT,AGRWTH,Q,2014-Q3,-0.383321711,
ESP,CPIFORECAST,TOT,AGRWTH,Q,2014-Q4,-0.601688568,
GBR,CPIFORECAST,TOT,AGRWTH,Q,2004-Q1,1.289774363,
GBR,CPIFORECAST,TOT,AGRWTH,Q,2004-Q2,1.433048349,
GBR,CPIFORECAST,TOT,AGRWTH,Q,2004-Q3,1.270107372,
GBR,CPIFORECAST,TOT,AGRWTH,Q,2004-Q4,1.391447804,
GBR,CPIFORECAST,TOT,AGRWTH,Q,2005-Q1,1.69459556,
GBR,CPIFORECAST,TOT,AGRWTH,Q,2005-Q2,1.911128341,
GBR,CPIFORECAST,TOT,AGRWTH,Q,2005-Q3,2.380710521,
GBR,CPIFORECAST,TOT,AGRWTH,Q,2005-Q4,2.154651332,
GBR,CPIFORECAST,TOT,AGRWTH,Q,2006-Q1,1.975150305,
GBR,CPIFORECAST,TOT,AGRWTH,Q,2006-Q2,2.29168961,
GBR,CPIFORECAST,TOT,AGRWTH,Q,2006-Q3,2.395901563,
GBR,CPIFORECAST,TOT,AGRWTH,Q,2006-Q4,2.720907765,
GBR,CPIFORECAST,TOT,AGRWTH,Q,2007-Q1,2.897650584,
GBR,CPIFORECAST,TOT,AGRWTH,Q,2007-Q2,2.472913057,
GBR,CPIFORECAST,TOT,AGRWTH,Q,2007-Q3,1.765602065,
GBR,CPIFORECAST,TOT,AGRWTH,Q,2007-Q4,2.133102811,
GBR,CPIFORECAST,TOT,AGRWTH,Q,2008-Q1,2.370737505,
GBR,CPIFORECAST,TOT,AGRWTH,Q,2008-Q2,3.398829507,
GBR,CPIFORECAST,TOT,AGRWTH,Q,2008-Q3,4.784478788,
GBR,CPIFORECAST,TOT,AGRWTH,Q,2008-Q4,3.825350765,
GBR,CPIFORECAST,TOT,AGRWTH,Q,2009-Q1,2.971957779,
GBR,CPIFORECAST,TOT,AGRWTH,Q,2009-Q2,2.077494455,
GBR,CPIFORECAST,TOT,AGRWTH,Q,2009-Q3,1.54860091,
GBR,CPIFORECAST,TOT,AGRWTH,Q,2009-Q4,2.156302943,
GBR,CPIFORECAST,TOT,AGRWTH,Q,2010-Q1,3.216793296,
GBR,CPIFORECAST,TOT,AGRWTH,Q,2010-Q2,3.49508529,
GBR,CPIFORECAST,TOT,AGRWTH,Q,2010-Q3,3.142244809,
GBR,CPIFORECAST,TOT,AGRWTH,Q,2010-Q4,3.35236718,
GBR,CPIFORECAST,TOT,AGRWTH,Q,2011-Q1,4.027639558,
GBR,CPIFORECAST,TOT,AGRWTH,Q,2011-Q2,4.439450215,
GBR,CPIFORECAST,TOT,AGRWTH,Q,2011-Q3,4.715169148,
GBR,CPIFORECAST,TOT,AGRWTH,Q,2011-Q4,4.663163853,
GBR,CPIFORECAST,TOT,AGRWTH,Q,2012-Q1,3.45602844,
GBR,CPIFORECAST,TOT,AGRWTH,Q,2012-Q2,2.726860762,
GBR,CPIFORECAST,TOT,AGRWTH,Q,2012-Q3,2.395667962,
GBR,CPIFORECAST,TOT,AGRWTH,Q,2012-Q4,2.638408612,
GBR,CPIFORECAST,TOT,AGRWTH,Q,2013-Q1,2.777693821,
GBR,CPIFORECAST,TOT,AGRWTH,Q,2013-Q2,2.725949899,
GBR,CPIFORECAST,TOT,AGRWTH,Q,2013-Q3,2.724531091,
GBR,CPIFORECAST,TOT,AGRWTH,Q,2013-Q4,2.053684439,
GBR,CPIFORECAST,TOT,AGRWTH,Q,2014-Q1,1.800708938,
GBR,CPIFORECAST,TOT,AGRWTH,Q,2014-Q2,1.796088673,
GBR,CPIFORECAST,TOT,AGRWTH,Q,2014-Q3,1.417174108,
GBR,CPIFORECAST,TOT,AGRWTH,Q,2014-Q4,0.881155656,
EST,CPIFORECAST,TOT,AGRWTH,Q,2004-Q1,0.718099177,
EST,CPIFORECAST,TOT,AGRWTH,Q,2004-Q2,3.244779167,
EST,CPIFORECAST,TOT,AGRWTH,Q,2004-Q3,3.824647128,
EST,CPIFORECAST,TOT,AGRWTH,Q,2004-Q4,4.363040936,
EST,CPIFORECAST,TOT,AGRWTH,Q,2005-Q1,4.575301338,
EST,CPIFORECAST,TOT,AGRWTH,Q,2005-Q2,3.625375324,
EST,CPIFORECAST,TOT,AGRWTH,Q,2005-Q3,4.272488612,
EST,CPIFORECAST,TOT,AGRWTH,Q,2005-Q4,4.005037096,
EST,CPIFORECAST,TOT,AGRWTH,Q,2006-Q1,4.429292272,
EST,CPIFORECAST,TOT,AGRWTH,Q,2006-Q2,4.51285923,
EST,CPIFORECAST,TOT,AGRWTH,Q,2006-Q3,4.363930754,
EST,CPIFORECAST,TOT,AGRWTH,Q,2006-Q4,4.469252202,
EST,CPIFORECAST,TOT,AGRWTH,Q,2007-Q1,5.088568179,
EST,CPIFORECAST,TOT,AGRWTH,Q,2007-Q2,5.879192296,
EST,CPIFORECAST,TOT,AGRWTH,Q,2007-Q3,6.71730739,
EST,CPIFORECAST,TOT,AGRWTH,Q,2007-Q4,9.220572519,
EST,CPIFORECAST,TOT,AGRWTH,Q,2008-Q1,11.34246745,
EST,CPIFORECAST,TOT,AGRWTH,Q,2008-Q2,11.46825083,
EST,CPIFORECAST,TOT,AGRWTH,Q,2008-Q3,11.04344488,
EST,CPIFORECAST,TOT,AGRWTH,Q,2008-Q4,8.679688464,
EST,CPIFORECAST,TOT,AGRWTH,Q,2009-Q1,3.706985857,
EST,CPIFORECAST,TOT,AGRWTH,Q,2009-Q2,0.196197315,
EST,CPIFORECAST,TOT,AGRWTH,Q,2009-Q3,-0.925402177,
EST,CPIFORECAST,TOT,AGRWTH,Q,2009-Q4,-2.027215233,
EST,CPIFORECAST,TOT,AGRWTH,Q,2010-Q1,0.044178643,
EST,CPIFORECAST,TOT,AGRWTH,Q,2010-Q2,2.82576309,
EST,CPIFORECAST,TOT,AGRWTH,Q,2010-Q3,3.076838932,
EST,CPIFORECAST,TOT,AGRWTH,Q,2010-Q4,5.039243712,
EST,CPIFORECAST,TOT,AGRWTH,Q,2011-Q1,5.276613038,
EST,CPIFORECAST,TOT,AGRWTH,Q,2011-Q2,5.218861167,
EST,CPIFORECAST,TOT,AGRWTH,Q,2011-Q3,5.361052178,
EST,CPIFORECAST,TOT,AGRWTH,Q,2011-Q4,4.47921211,
EST,CPIFORECAST,TOT,AGRWTH,Q,2012-Q1,4.646439268,
EST,CPIFORECAST,TOT,AGRWTH,Q,2012-Q2,4.20014886,
EST,CPIFORECAST,TOT,AGRWTH,Q,2012-Q3,4.074554571,
EST,CPIFORECAST,TOT,AGRWTH,Q,2012-Q4,3.968218221,
EST,CPIFORECAST,TOT,AGRWTH,Q,2013-Q1,3.88093069,
EST,CPIFORECAST,TOT,AGRWTH,Q,2013-Q2,3.66187315,
EST,CPIFORECAST,TOT,AGRWTH,Q,2013-Q3,3.325166333,
EST,CPIFORECAST,TOT,AGRWTH,Q,2013-Q4,2.142996248,
EST,CPIFORECAST,TOT,AGRWTH,Q,2014-Q1,1.173928571,
EST,CPIFORECAST,TOT,AGRWTH,Q,2014-Q2,0.596096357,
EST,CPIFORECAST,TOT,AGRWTH,Q,2014-Q3,-0.059143567,
EST,CPIFORECAST,TOT,AGRWTH,Q,2014-Q4,0.201127706,
LVA,CPIFORECAST,TOT,AGRWTH,Q,2004-Q1,4.401251048,
LVA,CPIFORECAST,TOT,AGRWTH,Q,2004-Q2,5.780588086,
LVA,CPIFORECAST,TOT,AGRWTH,Q,2004-Q3,7.27400195,
LVA,CPIFORECAST,TOT,AGRWTH,Q,2004-Q4,7.253244904,
LVA,CPIFORECAST,TOT,AGRWTH,Q,2005-Q1,6.758967967,
LVA,CPIFORECAST,TOT,AGRWTH,Q,2005-Q2,6.701441248,
LVA,CPIFORECAST,TOT,AGRWTH,Q,2005-Q3,6.613061697,
LVA,CPIFORECAST,TOT,AGRWTH,Q,2005-Q4,7.472290812,
LVA,CPIFORECAST,TOT,AGRWTH,Q,2006-Q1,7.054173129,
LVA,CPIFORECAST,TOT,AGRWTH,Q,2006-Q2,6.489324444,
LVA,CPIFORECAST,TOT,AGRWTH,Q,2006-Q3,6.541271844,
LVA,CPIFORECAST,TOT,AGRWTH,Q,2006-Q4,6.223423184,
LVA,CPIFORECAST,TOT,AGRWTH,Q,2007-Q1,7.598571196,
LVA,CPIFORECAST,TOT,AGRWTH,Q,2007-Q2,8.471853968,
LVA,CPIFORECAST,TOT,AGRWTH,Q,2007-Q3,10.38919269,
LVA,CPIFORECAST,TOT,AGRWTH,Q,2007-Q4,13.68971017,
LVA,CPIFORECAST,TOT,AGRWTH,Q,2008-Q1,16.27253137,
LVA,CPIFORECAST,TOT,AGRWTH,Q,2008-Q2,17.49932043,
LVA,CPIFORECAST,TOT,AGRWTH,Q,2008-Q3,15.60433961,
LVA,CPIFORECAST,TOT,AGRWTH,Q,2008-Q4,11.93482031,
LVA,CPIFORECAST,TOT,AGRWTH,Q,2009-Q1,9.055068579,
LVA,CPIFORECAST,TOT,AGRWTH,Q,2009-Q2,4.407908196,
LVA,CPIFORECAST,TOT,AGRWTH,Q,2009-Q3,1.22950608,
LVA,CPIFORECAST,TOT,AGRWTH,Q,2009-Q4,-1.264012588,
LVA,CPIFORECAST,TOT,AGRWTH,Q,2010-Q1,-3.811724152,
LVA,CPIFORECAST,TOT,AGRWTH,Q,2010-Q2,-2.302436167,
LVA,CPIFORECAST,TOT,AGRWTH,Q,2010-Q3,-0.353575149,
LVA,CPIFORECAST,TOT,AGRWTH,Q,2010-Q4,1.668265638,
LVA,CPIFORECAST,TOT,AGRWTH,Q,2011-Q1,3.883817841,
LVA,CPIFORECAST,TOT,AGRWTH,Q,2011-Q2,4.59066363,
LVA,CPIFORECAST,TOT,AGRWTH,Q,2011-Q3,4.354051911,
LVA,CPIFORECAST,TOT,AGRWTH,Q,2011-Q4,4.061166584,
LVA,CPIFORECAST,TOT,AGRWTH,Q,2012-Q1,3.365272135,
LVA,CPIFORECAST,TOT,AGRWTH,Q,2012-Q2,2.419744941,
LVA,CPIFORECAST,TOT,AGRWTH,Q,2012-Q3,1.84297504,
LVA,CPIFORECAST,TOT,AGRWTH,Q,2012-Q4,1.540577208,
LVA,CPIFORECAST,TOT,AGRWTH,Q,2013-Q1,0.46529759,
LVA,CPIFORECAST,TOT,AGRWTH,Q,2013-Q2,-0.1137269,
LVA,CPIFORECAST,TOT,AGRWTH,Q,2013-Q3,-0.001613815,
LVA,CPIFORECAST,TOT,AGRWTH,Q,2013-Q4,-0.303221859,
LVA,CPIFORECAST,TOT,AGRWTH,Q,2014-Q1,0.501177727,
LVA,CPIFORECAST,TOT,AGRWTH,Q,2014-Q2,0.771344199,
LVA,CPIFORECAST,TOT,AGRWTH,Q,2014-Q3,0.889953505,
LVA,CPIFORECAST,TOT,AGRWTH,Q,2014-Q4,0.599072246,
LTU,CPIFORECAST,TOT,AGRWTH,Q,2004-Q1,-1.043431987,
LTU,CPIFORECAST,TOT,AGRWTH,Q,2004-Q2,0.4744251,
LTU,CPIFORECAST,TOT,AGRWTH,Q,2004-Q3,2.311863882,
LTU,CPIFORECAST,TOT,AGRWTH,Q,2004-Q4,2.905130341,
LTU,CPIFORECAST,TOT,AGRWTH,Q,2005-Q1,3.127543649,
LTU,CPIFORECAST,TOT,AGRWTH,Q,2005-Q2,2.388195836,
LTU,CPIFORECAST,TOT,AGRWTH,Q,2005-Q3,2.220915452,
LTU,CPIFORECAST,TOT,AGRWTH,Q,2005-Q4,2.957349034,
LTU,CPIFORECAST,TOT,AGRWTH,Q,2006-Q1,3.302419632,
LTU,CPIFORECAST,TOT,AGRWTH,Q,2006-Q2,3.541455119,
LTU,CPIFORECAST,TOT,AGRWTH,Q,2006-Q3,3.952278817,
LTU,CPIFORECAST,TOT,AGRWTH,Q,2006-Q4,4.217136883,
LTU,CPIFORECAST,TOT,AGRWTH,Q,2007-Q1,4.331717123,
LTU,CPIFORECAST,TOT,AGRWTH,Q,2007-Q2,4.947548823,
LTU,CPIFORECAST,TOT,AGRWTH,Q,2007-Q3,5.945536478,
LTU,CPIFORECAST,TOT,AGRWTH,Q,2007-Q4,7.976957218,
LTU,CPIFORECAST,TOT,AGRWTH,Q,2008-Q1,10.72496885,
LTU,CPIFORECAST,TOT,AGRWTH,Q,2008-Q2,12.23649365,
LTU,CPIFORECAST,TOT,AGRWTH,Q,2008-Q3,11.965805,
LTU,CPIFORECAST,TOT,AGRWTH,Q,2008-Q4,9.50236843,
LTU,CPIFORECAST,TOT,AGRWTH,Q,2009-Q1,8.436330941,
LTU,CPIFORECAST,TOT,AGRWTH,Q,2009-Q2,4.871047415,
LTU,CPIFORECAST,TOT,AGRWTH,Q,2009-Q3,2.371180421,
LTU,CPIFORECAST,TOT,AGRWTH,Q,2009-Q4,1.210437836,
LTU,CPIFORECAST,TOT,AGRWTH,Q,2010-Q1,-0.381499438,
LTU,CPIFORECAST,TOT,AGRWTH,Q,2010-Q2,0.517754237,
LTU,CPIFORECAST,TOT,AGRWTH,Q,2010-Q3,1.709363025,
LTU,CPIFORECAST,TOT,AGRWTH,Q,2010-Q4,2.93782363,
LTU,CPIFORECAST,TOT,AGRWTH,Q,2011-Q1,3.261490323,
LTU,CPIFORECAST,TOT,AGRWTH,Q,2011-Q2,4.728857771,
LTU,CPIFORECAST,TOT,AGRWTH,Q,2011-Q3,4.488335466,
LTU,CPIFORECAST,TOT,AGRWTH,Q,2011-Q4,4.013569181,
LTU,CPIFORECAST,TOT,AGRWTH,Q,2012-Q1,3.709348937,
LTU,CPIFORECAST,TOT,AGRWTH,Q,2012-Q2,2.825591288,
LTU,CPIFORECAST,TOT,AGRWTH,Q,2012-Q3,3.19495959,
LTU,CPIFORECAST,TOT,AGRWTH,Q,2012-Q4,2.938143197,
LTU,CPIFORECAST,TOT,AGRWTH,Q,2013-Q1,2.306027426,
LTU,CPIFORECAST,TOT,AGRWTH,Q,2013-Q2,1.368774451,
LTU,CPIFORECAST,TOT,AGRWTH,Q,2013-Q3,0.560597276,
LTU,CPIFORECAST,TOT,AGRWTH,Q,2013-Q4,0.445936877,
LTU,CPIFORECAST,TOT,AGRWTH,Q,2014-Q1,0.368694531,
LTU,CPIFORECAST,TOT,AGRWTH,Q,2014-Q2,0.176589237,
LTU,CPIFORECAST,TOT,AGRWTH,Q,2014-Q3,0.295379641,
LTU,CPIFORECAST,TOT,AGRWTH,Q,2014-Q4,0.128686558,
SVN,CPIFORECAST,TOT,AGRWTH,Q,2004-Q1,3.882211412,
SVN,CPIFORECAST,TOT,AGRWTH,Q,2004-Q2,3.81314545,
SVN,CPIFORECAST,TOT,AGRWTH,Q,2004-Q3,3.568399079,
SVN,CPIFORECAST,TOT,AGRWTH,Q,2004-Q4,3.379941048,
SVN,CPIFORECAST,TOT,AGRWTH,Q,2005-Q1,2.946516363,
SVN,CPIFORECAST,TOT,AGRWTH,Q,2005-Q2,2.109424698,
SVN,CPIFORECAST,TOT,AGRWTH,Q,2005-Q3,2.277262211,
SVN,CPIFORECAST,TOT,AGRWTH,Q,2005-Q4,2.397396967,
SVN,CPIFORECAST,TOT,AGRWTH,Q,2006-Q1,2.399372591,
SVN,CPIFORECAST,TOT,AGRWTH,Q,2006-Q2,2.941487514,
SVN,CPIFORECAST,TOT,AGRWTH,Q,2006-Q3,2.568199683,
SVN,CPIFORECAST,TOT,AGRWTH,Q,2006-Q4,2.289813401,
SVN,CPIFORECAST,TOT,AGRWTH,Q,2007-Q1,2.687061773,
SVN,CPIFORECAST,TOT,AGRWTH,Q,2007-Q2,3.205237531,
SVN,CPIFORECAST,TOT,AGRWTH,Q,2007-Q3,3.786988002,
SVN,CPIFORECAST,TOT,AGRWTH,Q,2007-Q4,5.507960339,
SVN,CPIFORECAST,TOT,AGRWTH,Q,2008-Q1,6.453316981,
SVN,CPIFORECAST,TOT,AGRWTH,Q,2008-Q2,6.340974124,
SVN,CPIFORECAST,TOT,AGRWTH,Q,2008-Q3,6.213152031,
SVN,CPIFORECAST,TOT,AGRWTH,Q,2008-Q4,3.164609975,
SVN,CPIFORECAST,TOT,AGRWTH,Q,2009-Q1,1.642746587,
SVN,CPIFORECAST,TOT,AGRWTH,Q,2009-Q2,0.535640693,
SVN,CPIFORECAST,TOT,AGRWTH,Q,2009-Q3,-0.107712976,
SVN,CPIFORECAST,TOT,AGRWTH,Q,2009-Q4,1.34703287,
SVN,CPIFORECAST,TOT,AGRWTH,Q,2010-Q1,1.64925576,
SVN,CPIFORECAST,TOT,AGRWTH,Q,2010-Q2,2.343332594,
SVN,CPIFORECAST,TOT,AGRWTH,Q,2010-Q3,2.310818115,
SVN,CPIFORECAST,TOT,AGRWTH,Q,2010-Q4,1.920530017,
SVN,CPIFORECAST,TOT,AGRWTH,Q,2011-Q1,2.189393212,
SVN,CPIFORECAST,TOT,AGRWTH,Q,2011-Q2,2.009230814,
SVN,CPIFORECAST,TOT,AGRWTH,Q,2011-Q3,1.59008359,
SVN,CPIFORECAST,TOT,AGRWTH,Q,2011-Q4,2.518060083,
SVN,CPIFORECAST,TOT,AGRWTH,Q,2012-Q1,2.500942752,
SVN,CPIFORECAST,TOT,AGRWTH,Q,2012-Q2,2.611736925,
SVN,CPIFORECAST,TOT,AGRWTH,Q,2012-Q3,3.16354509,
SVN,CPIFORECAST,TOT,AGRWTH,Q,2012-Q4,2.957922157,
SVN,CPIFORECAST,TOT,AGRWTH,Q,2013-Q1,2.694974265,
SVN,CPIFORECAST,TOT,AGRWTH,Q,2013-Q2,1.884658699,
SVN,CPIFORECAST,TOT,AGRWTH,Q,2013-Q3,2.130259866,
SVN,CPIFORECAST,TOT,AGRWTH,Q,2013-Q4,1.026821972,
SVN,CPIFORECAST,TOT,AGRWTH,Q,2014-Q1,0.623596704,
SVN,CPIFORECAST,TOT,AGRWTH,Q,2014-Q2,0.879552567,
SVN,CPIFORECAST,TOT,AGRWTH,Q,2014-Q3,0.003663407,
SVN,CPIFORECAST,TOT,AGRWTH,Q,2014-Q4,-0.037373774,
EA17,CPIFORECAST,TOT,AGRWTH,Q,2004-Q1,1.786145338,
EA17,CPIFORECAST,TOT,AGRWTH,Q,2004-Q2,2.321570961,
EA17,CPIFORECAST,TOT,AGRWTH,Q,2004-Q3,2.287906117,
EA17,CPIFORECAST,TOT,AGRWTH,Q,2004-Q4,2.311794036,
EA17,CPIFORECAST,TOT,AGRWTH,Q,2005-Q1,2.142896087,
EA17,CPIFORECAST,TOT,AGRWTH,Q,2005-Q2,1.986983474,
EA17,CPIFORECAST,TOT,AGRWTH,Q,2005-Q3,2.300232476,
EA17,CPIFORECAST,TOT,AGRWTH,Q,2005-Q4,2.324495135,
EA17,CPIFORECAST,TOT,AGRWTH,Q,2006-Q1,2.376938135,
EA17,CPIFORECAST,TOT,AGRWTH,Q,2006-Q2,2.46597875,
EA17,CPIFORECAST,TOT,AGRWTH,Q,2006-Q3,2.181981595,
EA17,CPIFORECAST,TOT,AGRWTH,Q,2006-Q4,1.796727847,
EA17,CPIFORECAST,TOT,AGRWTH,Q,2007-Q1,1.911338191,
EA17,CPIFORECAST,TOT,AGRWTH,Q,2007-Q2,1.883340861,
EA17,CPIFORECAST,TOT,AGRWTH,Q,2007-Q3,1.92248857,
EA17,CPIFORECAST,TOT,AGRWTH,Q,2007-Q4,2.919931361,
EA17,CPIFORECAST,TOT,AGRWTH,Q,2008-Q1,3.419455626,
EA17,CPIFORECAST,TOT,AGRWTH,Q,2008-Q2,3.672160983,
EA17,CPIFORECAST,TOT,AGRWTH,Q,2008-Q3,3.914276074,
EA17,CPIFORECAST,TOT,AGRWTH,Q,2008-Q4,2.32976726,
EA17,CPIFORECAST,TOT,AGRWTH,Q,2009-Q1,1.01408259,
EA17,CPIFORECAST,TOT,AGRWTH,Q,2009-Q2,0.167024888,
EA17,CPIFORECAST,TOT,AGRWTH,Q,2009-Q3,-0.32497418,
EA17,CPIFORECAST,TOT,AGRWTH,Q,2009-Q4,0.408147237,
EA17,CPIFORECAST,TOT,AGRWTH,Q,2010-Q1,1.085221771,
EA17,CPIFORECAST,TOT,AGRWTH,Q,2010-Q2,1.580031029,
EA17,CPIFORECAST,TOT,AGRWTH,Q,2010-Q3,1.734073852,
EA17,CPIFORECAST,TOT,AGRWTH,Q,2010-Q4,2.005738273,
EA17,CPIFORECAST,TOT,AGRWTH,Q,2011-Q1,2.503253603,
EA17,CPIFORECAST,TOT,AGRWTH,Q,2011-Q2,2.774471758,
EA17,CPIFORECAST,TOT,AGRWTH,Q,2011-Q3,2.723448097,
EA17,CPIFORECAST,TOT,AGRWTH,Q,2011-Q4,2.914619013,
EA17,CPIFORECAST,TOT,AGRWTH,Q,2012-Q1,2.679187918,
EA17,CPIFORECAST,TOT,AGRWTH,Q,2012-Q2,2.464401292,
EA17,CPIFORECAST,TOT,AGRWTH,Q,2012-Q3,2.524808086,
EA17,CPIFORECAST,TOT,AGRWTH,Q,2012-Q4,2.279788275,
EA17,CPIFORECAST,TOT,AGRWTH,Q,2013-Q1,1.903884428,
EA17,CPIFORECAST,TOT,AGRWTH,Q,2013-Q2,1.41770207,
EA17,CPIFORECAST,TOT,AGRWTH,Q,2013-Q3,1.281399321,
EA17,CPIFORECAST,TOT,AGRWTH,Q,2013-Q4,0.783937429,
EA17,CPIFORECAST,TOT,AGRWTH,Q,2014-Q1,0.682867235,
EA17,CPIFORECAST,TOT,AGRWTH,Q,2014-Q2,0.564381666,
EA17,CPIFORECAST,TOT,AGRWTH,Q,2014-Q3,0.286437256,
EA17,CPIFORECAST,TOT,AGRWTH,Q,2014-Q4,0.160814978,
AUS,CPIFORECAST,TOT,AGRWTH,Q,2004-Q1,1.905972046,
AUS,CPIFORECAST,TOT,AGRWTH,Q,2004-Q2,2.544529262,
AUS,CPIFORECAST,TOT,AGRWTH,Q,2004-Q3,2.275600506,
AUS,CPIFORECAST,TOT,AGRWTH,Q,2004-Q4,2.638190955,
AUS,CPIFORECAST,TOT,AGRWTH,Q,2005-Q1,2.369077307,
AUS,CPIFORECAST,TOT,AGRWTH,Q,2005-Q2,2.481389578,
AUS,CPIFORECAST,TOT,AGRWTH,Q,2005-Q3,3.090234858,
AUS,CPIFORECAST,TOT,AGRWTH,Q,2005-Q4,2.692778458,
AUS,CPIFORECAST,TOT,AGRWTH,Q,2006-Q1,3.045066991,
AUS,CPIFORECAST,TOT,AGRWTH,Q,2006-Q2,3.995157385,
AUS,CPIFORECAST,TOT,AGRWTH,Q,2006-Q3,3.836930456,
AUS,CPIFORECAST,TOT,AGRWTH,Q,2006-Q4,3.337306317,
AUS,CPIFORECAST,TOT,AGRWTH,Q,2007-Q1,2.482269504,
AUS,CPIFORECAST,TOT,AGRWTH,Q,2007-Q2,2.095459837,
AUS,CPIFORECAST,TOT,AGRWTH,Q,2007-Q3,1.847575058,
AUS,CPIFORECAST,TOT,AGRWTH,Q,2007-Q4,2.998846597,
AUS,CPIFORECAST,TOT,AGRWTH,Q,2008-Q1,4.267589389,
AUS,CPIFORECAST,TOT,AGRWTH,Q,2008-Q2,4.446978335,
AUS,CPIFORECAST,TOT,AGRWTH,Q,2008-Q3,4.988662132,
AUS,CPIFORECAST,TOT,AGRWTH,Q,2008-Q4,3.695408735,
AUS,CPIFORECAST,TOT,AGRWTH,Q,2009-Q1,2.32300885,
AUS,CPIFORECAST,TOT,AGRWTH,Q,2009-Q2,1.528384279,
AUS,CPIFORECAST,TOT,AGRWTH,Q,2009-Q3,1.187904968,
AUS,CPIFORECAST,TOT,AGRWTH,Q,2009-Q4,2.051835853,
AUS,CPIFORECAST,TOT,AGRWTH,Q,2010-Q1,2.918918919,
AUS,CPIFORECAST,TOT,AGRWTH,Q,2010-Q2,3.010752688,
AUS,CPIFORECAST,TOT,AGRWTH,Q,2010-Q3,2.88153682,
AUS,CPIFORECAST,TOT,AGRWTH,Q,2010-Q4,2.645502646,
AUS,CPIFORECAST,TOT,AGRWTH,Q,2011-Q1,3.361344538,
AUS,CPIFORECAST,TOT,AGRWTH,Q,2011-Q2,3.653444676,
AUS,CPIFORECAST,TOT,AGRWTH,Q,2011-Q3,3.423236515,
AUS,CPIFORECAST,TOT,AGRWTH,Q,2011-Q4,2.989690722,
AUS,CPIFORECAST,TOT,AGRWTH,Q,2012-Q1,1.524390244,
AUS,CPIFORECAST,TOT,AGRWTH,Q,2012-Q2,1.208459215,
AUS,CPIFORECAST,TOT,AGRWTH,Q,2012-Q3,1.905717151,
AUS,CPIFORECAST,TOT,AGRWTH,Q,2012-Q4,2.102102102,
AUS,CPIFORECAST,TOT,AGRWTH,Q,2013-Q1,2.502502503,
AUS,CPIFORECAST,TOT,AGRWTH,Q,2013-Q2,2.388059701,
AUS,CPIFORECAST,TOT,AGRWTH,Q,2013-Q3,2.263779528,
AUS,CPIFORECAST,TOT,AGRWTH,Q,2013-Q4,2.745098039,
AUS,CPIFORECAST,TOT,AGRWTH,Q,2014-Q1,2.9296875,
AUS,CPIFORECAST,TOT,AGRWTH,Q,2014-Q2,3.109815355,
AUS,CPIFORECAST,TOT,AGRWTH,Q,2014-Q3,2.309913378,
AUS,CPIFORECAST,TOT,AGRWTH,Q,2014-Q4,1.622137405,
CAN,CPIFORECAST,TOT,AGRWTH,Q,2004-Q1,0.908206293,
CAN,CPIFORECAST,TOT,AGRWTH,Q,2004-Q2,2.21715031,
CAN,CPIFORECAST,TOT,AGRWTH,Q,2004-Q3,1.946156341,
CAN,CPIFORECAST,TOT,AGRWTH,Q,2004-Q4,2.293281654,
CAN,CPIFORECAST,TOT,AGRWTH,Q,2005-Q1,2.18579235,
CAN,CPIFORECAST,TOT,AGRWTH,Q,2005-Q2,1.850079745,
CAN,CPIFORECAST,TOT,AGRWTH,Q,2005-Q3,2.577155584,
CAN,CPIFORECAST,TOT,AGRWTH,Q,2005-Q4,2.305020524,
CAN,CPIFORECAST,TOT,AGRWTH,Q,2006-Q1,2.54797106,
CAN,CPIFORECAST,TOT,AGRWTH,Q,2006-Q2,2.536799248,
CAN,CPIFORECAST,TOT,AGRWTH,Q,2006-Q3,1.612903226,
CAN,CPIFORECAST,TOT,AGRWTH,Q,2006-Q4,1.388888889,
CAN,CPIFORECAST,TOT,AGRWTH,Q,2007-Q1,1.840490798,
CAN,CPIFORECAST,TOT,AGRWTH,Q,2007-Q2,2.107513745,
CAN,CPIFORECAST,TOT,AGRWTH,Q,2007-Q3,2.075702076,
CAN,CPIFORECAST,TOT,AGRWTH,Q,2007-Q4,2.496194825,
CAN,CPIFORECAST,TOT,AGRWTH,Q,2008-Q1,1.746987952,
CAN,CPIFORECAST,TOT,AGRWTH,Q,2008-Q2,2.393060126,
CAN,CPIFORECAST,TOT,AGRWTH,Q,2008-Q3,3.55861244,
CAN,CPIFORECAST,TOT,AGRWTH,Q,2008-Q4,1.841401841,
CAN,CPIFORECAST,TOT,AGRWTH,Q,2009-Q1,1.184132623,
CAN,CPIFORECAST,TOT,AGRWTH,Q,2009-Q2,0.087642419,
CAN,CPIFORECAST,TOT,AGRWTH,Q,2009-Q3,-0.837424199,
CAN,CPIFORECAST,TOT,AGRWTH,Q,2009-Q4,0.787401575,
CAN,CPIFORECAST,TOT,AGRWTH,Q,2010-Q1,1.609128145,
CAN,CPIFORECAST,TOT,AGRWTH,Q,2010-Q2,1.37186223,
CAN,CPIFORECAST,TOT,AGRWTH,Q,2010-Q3,1.863715783,
CAN,CPIFORECAST,TOT,AGRWTH,Q,2010-Q4,2.228009259,
CAN,CPIFORECAST,TOT,AGRWTH,Q,2011-Q1,2.447451771,
CAN,CPIFORECAST,TOT,AGRWTH,Q,2011-Q2,3.426432479,
CAN,CPIFORECAST,TOT,AGRWTH,Q,2011-Q3,3.03030303,
CAN,CPIFORECAST,TOT,AGRWTH,Q,2011-Q4,2.660628361,
CAN,CPIFORECAST,TOT,AGRWTH,Q,2012-Q1,2.417088252,
CAN,CPIFORECAST,TOT,AGRWTH,Q,2012-Q2,1.503340757,
CAN,CPIFORECAST,TOT,AGRWTH,Q,2012-Q3,1.220865705,
CAN,CPIFORECAST,TOT,AGRWTH,Q,2012-Q4,0.992555831,
CAN,CPIFORECAST,TOT,AGRWTH,Q,2013-Q1,0.933040615,
CAN,CPIFORECAST,TOT,AGRWTH,Q,2013-Q2,0.713110258,
CAN,CPIFORECAST,TOT,AGRWTH,Q,2013-Q3,1.096491228,
CAN,CPIFORECAST,TOT,AGRWTH,Q,2013-Q4,0.955500956,
CAN,CPIFORECAST,TOT,AGRWTH,Q,2014-Q1,1.332245786,
CAN,CPIFORECAST,TOT,AGRWTH,Q,2014-Q2,2.260348584,
CAN,CPIFORECAST,TOT,AGRWTH,Q,2014-Q3,2.114967462,
CAN,CPIFORECAST,TOT,AGRWTH,Q,2014-Q4,1.974040022,
CZE,CPIFORECAST,TOT,AGRWTH,Q,2004-Q1,2.376885806,
CZE,CPIFORECAST,TOT,AGRWTH,Q,2004-Q2,2.581609104,
CZE,CPIFORECAST,TOT,AGRWTH,Q,2004-Q3,3.143212328,
CZE,CPIFORECAST,TOT,AGRWTH,Q,2004-Q4,2.936336323,
CZE,CPIFORECAST,TOT,AGRWTH,Q,2005-Q1,1.655971127,
CZE,CPIFORECAST,TOT,AGRWTH,Q,2005-Q2,1.501745208,
CZE,CPIFORECAST,TOT,AGRWTH,Q,2005-Q3,1.821525651,
CZE,CPIFORECAST,TOT,AGRWTH,Q,2005-Q4,2.442504743,
CZE,CPIFORECAST,TOT,AGRWTH,Q,2006-Q1,2.870865739,
CZE,CPIFORECAST,TOT,AGRWTH,Q,2006-Q2,2.815093171,
CZE,CPIFORECAST,TOT,AGRWTH,Q,2006-Q3,2.914640889,
CZE,CPIFORECAST,TOT,AGRWTH,Q,2006-Q4,1.552455618,
CZE,CPIFORECAST,TOT,AGRWTH,Q,2007-Q1,1.471940209,
CZE,CPIFORECAST,TOT,AGRWTH,Q,2007-Q2,2.349530482,
CZE,CPIFORECAST,TOT,AGRWTH,Q,2007-Q3,2.617699539,
CZE,CPIFORECAST,TOT,AGRWTH,Q,2007-Q4,4.956351472,
CZE,CPIFORECAST,TOT,AGRWTH,Q,2008-Q1,7.369934223,
CZE,CPIFORECAST,TOT,AGRWTH,Q,2008-Q2,6.770218578,
CZE,CPIFORECAST,TOT,AGRWTH,Q,2008-Q3,6.664742335,
CZE,CPIFORECAST,TOT,AGRWTH,Q,2008-Q4,4.692342817,
CZE,CPIFORECAST,TOT,AGRWTH,Q,2009-Q1,2.103960125,
CZE,CPIFORECAST,TOT,AGRWTH,Q,2009-Q2,1.364770845,
CZE,CPIFORECAST,TOT,AGRWTH,Q,2009-Q3,0.209299192,
CZE,CPIFORECAST,TOT,AGRWTH,Q,2009-Q4,0.42282541,
CZE,CPIFORECAST,TOT,AGRWTH,Q,2010-Q1,0.658729357,
CZE,CPIFORECAST,TOT,AGRWTH,Q,2010-Q2,1.278399062,
CZE,CPIFORECAST,TOT,AGRWTH,Q,2010-Q3,1.976289522,
CZE,CPIFORECAST,TOT,AGRWTH,Q,2010-Q4,1.976832293,
CZE,CPIFORECAST,TOT,AGRWTH,Q,2011-Q1,1.781107926,
CZE,CPIFORECAST,TOT,AGRWTH,Q,2011-Q2,1.768444098,
CZE,CPIFORECAST,TOT,AGRWTH,Q,2011-Q3,1.837560613,
CZE,CPIFORECAST,TOT,AGRWTH,Q,2011-Q4,2.278018911,
CZE,CPIFORECAST,TOT,AGRWTH,Q,2012-Q1,3.658887502,
CZE,CPIFORECAST,TOT,AGRWTH,Q,2012-Q2,3.448763772,
CZE,CPIFORECAST,TOT,AGRWTH,Q,2012-Q3,3.247241426,
CZE,CPIFORECAST,TOT,AGRWTH,Q,2012-Q4,2.805028346,
CZE,CPIFORECAST,TOT,AGRWTH,Q,2013-Q1,1.853897265,
CZE,CPIFORECAST,TOT,AGRWTH,Q,2013-Q2,1.607633308,
CZE,CPIFORECAST,TOT,AGRWTH,Q,2013-Q3,1.220347565,
CZE,CPIFORECAST,TOT,AGRWTH,Q,2013-Q4,1.076868004,
CZE,CPIFORECAST,TOT,AGRWTH,Q,2014-Q1,0.244293741,
CZE,CPIFORECAST,TOT,AGRWTH,Q,2014-Q2,0.202792837,
CZE,CPIFORECAST,TOT,AGRWTH,Q,2014-Q3,0.533655749,
CZE,CPIFORECAST,TOT,AGRWTH,Q,2014-Q4,0.394772448,
DNK,CPIFORECAST,TOT,AGRWTH,Q,2004-Q1,0.949743152,
DNK,CPIFORECAST,TOT,AGRWTH,Q,2004-Q2,1.100775265,
DNK,CPIFORECAST,TOT,AGRWTH,Q,2004-Q3,1.164985976,
DNK,CPIFORECAST,TOT,AGRWTH,Q,2004-Q4,1.40064428,
DNK,CPIFORECAST,TOT,AGRWTH,Q,2005-Q1,1.225235284,
DNK,CPIFORECAST,TOT,AGRWTH,Q,2005-Q2,1.703879784,
DNK,CPIFORECAST,TOT,AGRWTH,Q,2005-Q3,2.235450667,
DNK,CPIFORECAST,TOT,AGRWTH,Q,2005-Q4,2.102397716,
DNK,CPIFORECAST,TOT,AGRWTH,Q,2006-Q1,2.094396138,
DNK,CPIFORECAST,TOT,AGRWTH,Q,2006-Q2,2.026231161,
DNK,CPIFORECAST,TOT,AGRWTH,Q,2006-Q3,1.8600737,
DNK,CPIFORECAST,TOT,AGRWTH,Q,2006-Q4,1.720162789,
DNK,CPIFORECAST,TOT,AGRWTH,Q,2007-Q1,1.870874698,
DNK,CPIFORECAST,TOT,AGRWTH,Q,2007-Q2,1.600115009,
DNK,CPIFORECAST,TOT,AGRWTH,Q,2007-Q3,1.094193534,
DNK,CPIFORECAST,TOT,AGRWTH,Q,2007-Q4,2.20802047,
DNK,CPIFORECAST,TOT,AGRWTH,Q,2008-Q1,3.015285367,
DNK,CPIFORECAST,TOT,AGRWTH,Q,2008-Q2,3.520705656,
DNK,CPIFORECAST,TOT,AGRWTH,Q,2008-Q3,4.174996567,
DNK,CPIFORECAST,TOT,AGRWTH,Q,2008-Q4,2.958788563,
DNK,CPIFORECAST,TOT,AGRWTH,Q,2009-Q1,1.721244282,
DNK,CPIFORECAST,TOT,AGRWTH,Q,2009-Q2,1.23499383,
DNK,CPIFORECAST,TOT,AGRWTH,Q,2009-Q3,1.000393228,
DNK,CPIFORECAST,TOT,AGRWTH,Q,2009-Q4,1.268176232,
DNK,CPIFORECAST,TOT,AGRWTH,Q,2010-Q1,2.076858654,
DNK,CPIFORECAST,TOT,AGRWTH,Q,2010-Q2,2.206889013,
DNK,CPIFORECAST,TOT,AGRWTH,Q,2010-Q3,2.382134355,
DNK,CPIFORECAST,TOT,AGRWTH,Q,2010-Q4,2.574178902,
DNK,CPIFORECAST,TOT,AGRWTH,Q,2011-Q1,2.698298807,
DNK,CPIFORECAST,TOT,AGRWTH,Q,2011-Q2,3.066377514,
DNK,CPIFORECAST,TOT,AGRWTH,Q,2011-Q3,2.717271957,
DNK,CPIFORECAST,TOT,AGRWTH,Q,2011-Q4,2.555356909,
DNK,CPIFORECAST,TOT,AGRWTH,Q,2012-Q1,2.722626264,
DNK,CPIFORECAST,TOT,AGRWTH,Q,2012-Q2,2.206173709,
DNK,CPIFORECAST,TOT,AGRWTH,Q,2012-Q3,2.469900296,
DNK,CPIFORECAST,TOT,AGRWTH,Q,2012-Q4,2.197110282,
DNK,CPIFORECAST,TOT,AGRWTH,Q,2013-Q1,1.196007842,
DNK,CPIFORECAST,TOT,AGRWTH,Q,2013-Q2,0.871648623,
DNK,CPIFORECAST,TOT,AGRWTH,Q,2013-Q3,0.498985724,
DNK,CPIFORECAST,TOT,AGRWTH,Q,2013-Q4,0.594190537,
DNK,CPIFORECAST,TOT,AGRWTH,Q,2014-Q1,0.648719071,
DNK,CPIFORECAST,TOT,AGRWTH,Q,2014-Q2,0.628681121,
DNK,CPIFORECAST,TOT,AGRWTH,Q,2014-Q3,0.541284207,
DNK,CPIFORECAST,TOT,AGRWTH,Q,2014-Q4,0.438096165,
HUN,CPIFORECAST,TOT,AGRWTH,Q,2004-Q1,6.900246222,
HUN,CPIFORECAST,TOT,AGRWTH,Q,2004-Q2,7.421685438,
HUN,CPIFORECAST,TOT,AGRWTH,Q,2004-Q3,6.934627523,
HUN,CPIFORECAST,TOT,AGRWTH,Q,2004-Q4,5.752191286,
HUN,CPIFORECAST,TOT,AGRWTH,Q,2005-Q1,3.693163093,
HUN,CPIFORECAST,TOT,AGRWTH,Q,2005-Q2,3.769665803,
HUN,CPIFORECAST,TOT,AGRWTH,Q,2005-Q3,3.583497134,
HUN,CPIFORECAST,TOT,AGRWTH,Q,2005-Q4,3.20726951,
HUN,CPIFORECAST,TOT,AGRWTH,Q,2006-Q1,2.609449153,
HUN,CPIFORECAST,TOT,AGRWTH,Q,2006-Q2,2.641188107,
HUN,CPIFORECAST,TOT,AGRWTH,Q,2006-Q3,4.064318195,
HUN,CPIFORECAST,TOT,AGRWTH,Q,2006-Q4,6.359174387,
HUN,CPIFORECAST,TOT,AGRWTH,Q,2007-Q1,8.555959205,
HUN,CPIFORECAST,TOT,AGRWTH,Q,2007-Q2,8.570457359,
HUN,CPIFORECAST,TOT,AGRWTH,Q,2007-Q3,7.595969269,
HUN,CPIFORECAST,TOT,AGRWTH,Q,2007-Q4,7.167187445,
HUN,CPIFORECAST,TOT,AGRWTH,Q,2008-Q1,6.921506929,
HUN,CPIFORECAST,TOT,AGRWTH,Q,2008-Q2,6.727690179,
HUN,CPIFORECAST,TOT,AGRWTH,Q,2008-Q3,6.252688045,
HUN,CPIFORECAST,TOT,AGRWTH,Q,2008-Q4,4.336814228,
HUN,CPIFORECAST,TOT,AGRWTH,Q,2009-Q1,3.015923867,
HUN,CPIFORECAST,TOT,AGRWTH,Q,2009-Q2,3.497797175,
HUN,CPIFORECAST,TOT,AGRWTH,Q,2009-Q3,5.010984504,
HUN,CPIFORECAST,TOT,AGRWTH,Q,2009-Q4,5.288223202,
HUN,CPIFORECAST,TOT,AGRWTH,Q,2010-Q1,5.94206029,
HUN,CPIFORECAST,TOT,AGRWTH,Q,2010-Q2,5.306017069,
HUN,CPIFORECAST,TOT,AGRWTH,Q,2010-Q3,3.87955624,
HUN,CPIFORECAST,TOT,AGRWTH,Q,2010-Q4,4.350374712,
HUN,CPIFORECAST,TOT,AGRWTH,Q,2011-Q1,4.136047397,
HUN,CPIFORECAST,TOT,AGRWTH,Q,2011-Q2,4.07004431,
HUN,CPIFORECAST,TOT,AGRWTH,Q,2011-Q3,3.470253355,
HUN,CPIFORECAST,TOT,AGRWTH,Q,2011-Q4,4.047683015,
HUN,CPIFORECAST,TOT,AGRWTH,Q,2012-Q1,5.560665858,
HUN,CPIFORECAST,TOT,AGRWTH,Q,2012-Q2,5.612390956,
HUN,CPIFORECAST,TOT,AGRWTH,Q,2012-Q3,6.140069174,
HUN,CPIFORECAST,TOT,AGRWTH,Q,2012-Q4,5.299519548,
HUN,CPIFORECAST,TOT,AGRWTH,Q,2013-Q1,3.01255366,
HUN,CPIFORECAST,TOT,AGRWTH,Q,2013-Q2,1.925325411,
HUN,CPIFORECAST,TOT,AGRWTH,Q,2013-Q3,1.389874663,
HUN,CPIFORECAST,TOT,AGRWTH,Q,2013-Q4,0.639648989,
HUN,CPIFORECAST,TOT,AGRWTH,Q,2014-Q1,0.15355303,
HUN,CPIFORECAST,TOT,AGRWTH,Q,2014-Q2,-0.132483526,
HUN,CPIFORECAST,TOT,AGRWTH,Q,2014-Q3,-0.142979632,
HUN,CPIFORECAST,TOT,AGRWTH,Q,2014-Q4,-0.786602993,
ISL,CPIFORECAST,TOT,AGRWTH,Q,2004-Q1,2.191023978,
ISL,CPIFORECAST,TOT,AGRWTH,Q,2004-Q2,3.153810245,
ISL,CPIFORECAST,TOT,AGRWTH,Q,2004-Q3,3.541442364,
ISL,CPIFORECAST,TOT,AGRWTH,Q,2004-Q4,3.734902453,
ISL,CPIFORECAST,TOT,AGRWTH,Q,2005-Q1,4.469321719,
ISL,CPIFORECAST,TOT,AGRWTH,Q,2005-Q2,3.268898518,
ISL,CPIFORECAST,TOT,AGRWTH,Q,2005-Q3,3.912143342,
ISL,CPIFORECAST,TOT,AGRWTH,Q,2005-Q4,4.299106857,
ISL,CPIFORECAST,TOT,AGRWTH,Q,2006-Q1,4.36302134,
ISL,CPIFORECAST,TOT,AGRWTH,Q,2006-Q2,7.01702616,
ISL,CPIFORECAST,TOT,AGRWTH,Q,2006-Q3,8.196272,
ISL,CPIFORECAST,TOT,AGRWTH,Q,2006-Q4,7.136817133,
ISL,CPIFORECAST,TOT,AGRWTH,Q,2007-Q1,6.722734934,
ISL,CPIFORECAST,TOT,AGRWTH,Q,2007-Q2,4.558813602,
ISL,CPIFORECAST,TOT,AGRWTH,Q,2007-Q3,3.837060521,
ISL,CPIFORECAST,TOT,AGRWTH,Q,2007-Q4,5.157340329,
ISL,CPIFORECAST,TOT,AGRWTH,Q,2008-Q1,7.111900561,
ISL,CPIFORECAST,TOT,AGRWTH,Q,2008-Q2,12.24460784,
ISL,CPIFORECAST,TOT,AGRWTH,Q,2008-Q3,14.11057597,
ISL,CPIFORECAST,TOT,AGRWTH,Q,2008-Q4,17.09799288,
ISL,CPIFORECAST,TOT,AGRWTH,Q,2009-Q1,17.03836023,
ISL,CPIFORECAST,TOT,AGRWTH,Q,2009-Q2,11.8010429,
ISL,CPIFORECAST,TOT,AGRWTH,Q,2009-Q3,11.07858365,
ISL,CPIFORECAST,TOT,AGRWTH,Q,2009-Q4,8.652989552,
ISL,CPIFORECAST,TOT,AGRWTH,Q,2010-Q1,7.350886893,
ISL,CPIFORECAST,TOT,AGRWTH,Q,2010-Q2,7.125311119,
ISL,CPIFORECAST,TOT,AGRWTH,Q,2010-Q3,4.379594686,
ISL,CPIFORECAST,TOT,AGRWTH,Q,2010-Q4,2.895887677,
ISL,CPIFORECAST,TOT,AGRWTH,Q,2011-Q1,1.957428668,
ISL,CPIFORECAST,TOT,AGRWTH,Q,2011-Q2,3.465462219,
ISL,CPIFORECAST,TOT,AGRWTH,Q,2011-Q3,5.233556673,
ISL,CPIFORECAST,TOT,AGRWTH,Q,2011-Q4,5.326075996,
ISL,CPIFORECAST,TOT,AGRWTH,Q,2012-Q1,6.415151392,
ISL,CPIFORECAST,TOT,AGRWTH,Q,2012-Q2,5.788554341,
ISL,CPIFORECAST,TOT,AGRWTH,Q,2012-Q3,4.227451061,
ISL,CPIFORECAST,TOT,AGRWTH,Q,2012-Q4,4.374519348,
ISL,CPIFORECAST,TOT,AGRWTH,Q,2013-Q1,4.35470953,
ISL,CPIFORECAST,TOT,AGRWTH,Q,2013-Q2,3.351197285,
ISL,CPIFORECAST,TOT,AGRWTH,Q,2013-Q3,3.966906661,
ISL,CPIFORECAST,TOT,AGRWTH,Q,2013-Q4,3.823394426,
ISL,CPIFORECAST,TOT,AGRWTH,Q,2014-Q1,2.50608477,
ISL,CPIFORECAST,TOT,AGRWTH,Q,2014-Q2,2.387225347,
ISL,CPIFORECAST,TOT,AGRWTH,Q,2014-Q3,2.075175506,
ISL,CPIFORECAST,TOT,AGRWTH,Q,2014-Q4,1.225606434,
JPN,CPIFORECAST,TOT,AGRWTH,Q,2004-Q1,-0.099337748,
JPN,CPIFORECAST,TOT,AGRWTH,Q,2004-Q2,-0.297816016,
JPN,CPIFORECAST,TOT,AGRWTH,Q,2004-Q3,-0.165672631,
JPN,CPIFORECAST,TOT,AGRWTH,Q,2004-Q4,0.498007968,
JPN,CPIFORECAST,TOT,AGRWTH,Q,2005-Q1,-0.199136374,
JPN,CPIFORECAST,TOT,AGRWTH,Q,2005-Q2,-0.364161787,
JPN,CPIFORECAST,TOT,AGRWTH,Q,2005-Q3,-0.694738556,
JPN,CPIFORECAST,TOT,AGRWTH,Q,2005-Q4,-0.989505572,
JPN,CPIFORECAST,TOT,AGRWTH,Q,2006-Q1,-0.132318889,
JPN,CPIFORECAST,TOT,AGRWTH,Q,2006-Q2,0.132714001,
JPN,CPIFORECAST,TOT,AGRWTH,Q,2006-Q3,0.599201065,
JPN,CPIFORECAST,TOT,AGRWTH,Q,2006-Q4,0.332336324,
JPN,CPIFORECAST,TOT,AGRWTH,Q,2007-Q1,-0.066247102,
JPN,CPIFORECAST,TOT,AGRWTH,Q,2007-Q2,-0.033134526,
JPN,CPIFORECAST,TOT,AGRWTH,Q,2007-Q3,-0.132362674,
JPN,CPIFORECAST,TOT,AGRWTH,Q,2007-Q4,0.529976814,
JPN,CPIFORECAST,TOT,AGRWTH,Q,2008-Q1,0.928074246,
JPN,CPIFORECAST,TOT,AGRWTH,Q,2008-Q2,1.35896586,
JPN,CPIFORECAST,TOT,AGRWTH,Q,2008-Q3,2.186878728,
JPN,CPIFORECAST,TOT,AGRWTH,Q,2008-Q4,1.054365733,
JPN,CPIFORECAST,TOT,AGRWTH,Q,2009-Q1,-0.197044335,
JPN,CPIFORECAST,TOT,AGRWTH,Q,2009-Q2,-1.046435579,
JPN,CPIFORECAST,TOT,AGRWTH,Q,2009-Q3,-2.172503243,
JPN,CPIFORECAST,TOT,AGRWTH,Q,2009-Q4,-2.0215194,
JPN,CPIFORECAST,TOT,AGRWTH,Q,2010-Q1,-0.923189563,
JPN,CPIFORECAST,TOT,AGRWTH,Q,2010-Q2,-0.671988925,
JPN,CPIFORECAST,TOT,AGRWTH,Q,2010-Q3,-0.725611301,
JPN,CPIFORECAST,TOT,AGRWTH,Q,2010-Q4,-0.15351211,
JPN,CPIFORECAST,TOT,AGRWTH,Q,2011-Q1,-0.561009818,
JPN,CPIFORECAST,TOT,AGRWTH,Q,2011-Q2,-0.386371619,
JPN,CPIFORECAST,TOT,AGRWTH,Q,2011-Q3,0.070497004,
JPN,CPIFORECAST,TOT,AGRWTH,Q,2011-Q4,-0.316678395,
JPN,CPIFORECAST,TOT,AGRWTH,Q,2012-Q1,0.352609309,
JPN,CPIFORECAST,TOT,AGRWTH,Q,2012-Q2,0.141043724,
JPN,CPIFORECAST,TOT,AGRWTH,Q,2012-Q3,-0.422684044,
JPN,CPIFORECAST,TOT,AGRWTH,Q,2012-Q4,-0.211789622,
JPN,CPIFORECAST,TOT,AGRWTH,Q,2013-Q1,-0.562192551,
JPN,CPIFORECAST,TOT,AGRWTH,Q,2013-Q2,-0.246478873,
JPN,CPIFORECAST,TOT,AGRWTH,Q,2013-Q3,0.884329678,
JPN,CPIFORECAST,TOT,AGRWTH,Q,2013-Q4,1.379554298,
JPN,CPIFORECAST,TOT,AGRWTH,Q,2014-Q1,1.48409894,
JPN,CPIFORECAST,TOT,AGRWTH,Q,2014-Q2,3.600423579,
JPN,CPIFORECAST,TOT,AGRWTH,Q,2014-Q3,3.330995792,
JPN,CPIFORECAST,TOT,AGRWTH,Q,2014-Q4,2.547103978,
KOR,CPIFORECAST,TOT,AGRWTH,Q,2004-Q1,3.275435074,
KOR,CPIFORECAST,TOT,AGRWTH,Q,2004-Q2,3.401365207,
KOR,CPIFORECAST,TOT,AGRWTH,Q,2004-Q3,4.317040468,
KOR,CPIFORECAST,TOT,AGRWTH,Q,2004-Q4,3.368592367,
KOR,CPIFORECAST,TOT,AGRWTH,Q,2005-Q1,3.298116994,
KOR,CPIFORECAST,TOT,AGRWTH,Q,2005-Q2,2.983012187,
KOR,CPIFORECAST,TOT,AGRWTH,Q,2005-Q3,2.286543706,
KOR,CPIFORECAST,TOT,AGRWTH,Q,2005-Q4,2.461915914,
KOR,CPIFORECAST,TOT,AGRWTH,Q,2006-Q1,2.140658992,
KOR,CPIFORECAST,TOT,AGRWTH,Q,2006-Q2,2.21721993,
KOR,CPIFORECAST,TOT,AGRWTH,Q,2006-Q3,2.497511457,
KOR,CPIFORECAST,TOT,AGRWTH,Q,2006-Q4,2.113774856,
KOR,CPIFORECAST,TOT,AGRWTH,Q,2007-Q1,2.053306581,
KOR,CPIFORECAST,TOT,AGRWTH,Q,2007-Q2,2.41961906,
KOR,CPIFORECAST,TOT,AGRWTH,Q,2007-Q3,2.27832225,
KOR,CPIFORECAST,TOT,AGRWTH,Q,2007-Q4,3.377568234,
KOR,CPIFORECAST,TOT,AGRWTH,Q,2008-Q1,3.815589991,
KOR,CPIFORECAST,TOT,AGRWTH,Q,2008-Q2,4.825350701,
KOR,CPIFORECAST,TOT,AGRWTH,Q,2008-Q3,5.562352428,
KOR,CPIFORECAST,TOT,AGRWTH,Q,2008-Q4,4.483067734,
KOR,CPIFORECAST,TOT,AGRWTH,Q,2009-Q1,3.883507208,
KOR,CPIFORECAST,TOT,AGRWTH,Q,2009-Q2,2.785732714,
KOR,CPIFORECAST,TOT,AGRWTH,Q,2009-Q3,1.997583452,
KOR,CPIFORECAST,TOT,AGRWTH,Q,2009-Q4,2.395909702,
KOR,CPIFORECAST,TOT,AGRWTH,Q,2010-Q1,2.930035791,
KOR,CPIFORECAST,TOT,AGRWTH,Q,2010-Q2,2.702854913,
KOR,CPIFORECAST,TOT,AGRWTH,Q,2010-Q3,2.907737677,
KOR,CPIFORECAST,TOT,AGRWTH,Q,2010-Q4,3.213111594,
KOR,CPIFORECAST,TOT,AGRWTH,Q,2011-Q1,3.780163919,
KOR,CPIFORECAST,TOT,AGRWTH,Q,2011-Q2,4.035171804,
KOR,CPIFORECAST,TOT,AGRWTH,Q,2011-Q3,4.342488453,
KOR,CPIFORECAST,TOT,AGRWTH,Q,2011-Q4,3.943740276,
KOR,CPIFORECAST,TOT,AGRWTH,Q,2012-Q1,2.975777274,
KOR,CPIFORECAST,TOT,AGRWTH,Q,2012-Q2,2.466955488,
KOR,CPIFORECAST,TOT,AGRWTH,Q,2012-Q3,1.635473486,
KOR,CPIFORECAST,TOT,AGRWTH,Q,2012-Q4,1.690655841,
KOR,CPIFORECAST,TOT,AGRWTH,Q,2013-Q1,1.547271546,
KOR,CPIFORECAST,TOT,AGRWTH,Q,2013-Q2,1.22566954,
KOR,CPIFORECAST,TOT,AGRWTH,Q,2013-Q3,1.390494115,
KOR,CPIFORECAST,TOT,AGRWTH,Q,2013-Q4,1.044909478,
KOR,CPIFORECAST,TOT,AGRWTH,Q,2014-Q1,1.12269819,
KOR,CPIFORECAST,TOT,AGRWTH,Q,2014-Q2,1.61487957,
KOR,CPIFORECAST,TOT,AGRWTH,Q,2014-Q3,1.395422768,
KOR,CPIFORECAST,TOT,AGRWTH,Q,2014-Q4,0.967905677,
MEX,CPIFORECAST,TOT,AGRWTH,Q,2004-Q1,4.303912041,
MEX,CPIFORECAST,TOT,AGRWTH,Q,2004-Q2,4.345130639,
MEX,CPIFORECAST,TOT,AGRWTH,Q,2004-Q3,4.783558623,
MEX,CPIFORECAST,TOT,AGRWTH,Q,2004-Q4,5.304331652,
MEX,CPIFORECAST,TOT,AGRWTH,Q,2005-Q1,4.37227099,
MEX,CPIFORECAST,TOT,AGRWTH,Q,2005-Q2,4.568031082,
MEX,CPIFORECAST,TOT,AGRWTH,Q,2005-Q3,3.980899452,
MEX,CPIFORECAST,TOT,AGRWTH,Q,2005-Q4,3.061762438,
MEX,CPIFORECAST,TOT,AGRWTH,Q,2006-Q1,3.685980814,
MEX,CPIFORECAST,TOT,AGRWTH,Q,2006-Q2,3.155074604,
MEX,CPIFORECAST,TOT,AGRWTH,Q,2006-Q3,3.552329444,
MEX,CPIFORECAST,TOT,AGRWTH,Q,2006-Q4,4.119060805,
MEX,CPIFORECAST,TOT,AGRWTH,Q,2007-Q1,4.086399906,
MEX,CPIFORECAST,TOT,AGRWTH,Q,2007-Q2,3.98596046,
MEX,CPIFORECAST,TOT,AGRWTH,Q,2007-Q3,4.011460404,
MEX,CPIFORECAST,TOT,AGRWTH,Q,2007-Q4,3.788151752,
MEX,CPIFORECAST,TOT,AGRWTH,Q,2008-Q1,3.870065304,
MEX,CPIFORECAST,TOT,AGRWTH,Q,2008-Q2,4.906098221,
MEX,CPIFORECAST,TOT,AGRWTH,Q,2008-Q3,5.510381155,
MEX,CPIFORECAST,TOT,AGRWTH,Q,2008-Q4,6.178082305,
MEX,CPIFORECAST,TOT,AGRWTH,Q,2009-Q1,6.134285311,
MEX,CPIFORECAST,TOT,AGRWTH,Q,2009-Q2,5.9653753,
MEX,CPIFORECAST,TOT,AGRWTH,Q,2009-Q3,5.16880063,
MEX,CPIFORECAST,TOT,AGRWTH,Q,2009-Q4,3.981312589,
MEX,CPIFORECAST,TOT,AGRWTH,Q,2010-Q1,4.717522811,
MEX,CPIFORECAST,TOT,AGRWTH,Q,2010-Q2,3.955052429,
MEX,CPIFORECAST,TOT,AGRWTH,Q,2010-Q3,3.689982622,
MEX,CPIFORECAST,TOT,AGRWTH,Q,2010-Q4,4.275577721,
MEX,CPIFORECAST,TOT,AGRWTH,Q,2011-Q1,3.418585116,
MEX,CPIFORECAST,TOT,AGRWTH,Q,2011-Q2,3.313865378,
MEX,CPIFORECAST,TOT,AGRWTH,Q,2011-Q3,3.385474641,
MEX,CPIFORECAST,TOT,AGRWTH,Q,2011-Q4,3.510052166,
MEX,CPIFORECAST,TOT,AGRWTH,Q,2012-Q1,3.864035011,
MEX,CPIFORECAST,TOT,AGRWTH,Q,2012-Q2,3.87568476,
MEX,CPIFORECAST,TOT,AGRWTH,Q,2012-Q3,4.588070471,
MEX,CPIFORECAST,TOT,AGRWTH,Q,2012-Q4,4.112868622,
MEX,CPIFORECAST,TOT,AGRWTH,Q,2013-Q1,3.682344487,
MEX,CPIFORECAST,TOT,AGRWTH,Q,2013-Q2,4.475109198,
MEX,CPIFORECAST,TOT,AGRWTH,Q,2013-Q3,3.431890379,
MEX,CPIFORECAST,TOT,AGRWTH,Q,2013-Q4,3.644309968,
MEX,CPIFORECAST,TOT,AGRWTH,Q,2014-Q1,4.175443128,
MEX,CPIFORECAST,TOT,AGRWTH,Q,2014-Q2,3.572945613,
MEX,CPIFORECAST,TOT,AGRWTH,Q,2014-Q3,4.140145683,
MEX,CPIFORECAST,TOT,AGRWTH,Q,2014-Q4,4.185420184,
NZL,CPIFORECAST,TOT,AGRWTH,Q,2004-Q1,1.585746517,
NZL,CPIFORECAST,TOT,AGRWTH,Q,2004-Q2,2.337000653,
NZL,CPIFORECAST,TOT,AGRWTH,Q,2004-Q3,2.505596859,
NZL,CPIFORECAST,TOT,AGRWTH,Q,2004-Q4,2.727948105,
NZL,CPIFORECAST,TOT,AGRWTH,Q,2005-Q1,2.831141417,
NZL,CPIFORECAST,TOT,AGRWTH,Q,2005-Q2,2.819684296,
NZL,CPIFORECAST,TOT,AGRWTH,Q,2005-Q3,3.290573797,
NZL,CPIFORECAST,TOT,AGRWTH,Q,2005-Q4,3.201579996,
NZL,CPIFORECAST,TOT,AGRWTH,Q,2006-Q1,3.35158653,
NZL,CPIFORECAST,TOT,AGRWTH,Q,2006-Q2,3.982910289,
NZL,CPIFORECAST,TOT,AGRWTH,Q,2006-Q3,3.458646283,
NZL,CPIFORECAST,TOT,AGRWTH,Q,2006-Q4,2.680229974,
NZL,CPIFORECAST,TOT,AGRWTH,Q,2007-Q1,2.546717464,
NZL,CPIFORECAST,TOT,AGRWTH,Q,2007-Q2,2.017901309,
NZL,CPIFORECAST,TOT,AGRWTH,Q,2007-Q3,1.704556066,
NZL,CPIFORECAST,TOT,AGRWTH,Q,2007-Q4,3.235795188,
NZL,CPIFORECAST,TOT,AGRWTH,Q,2008-Q1,3.335602646,
NZL,CPIFORECAST,TOT,AGRWTH,Q,2008-Q2,4.056687042,
NZL,CPIFORECAST,TOT,AGRWTH,Q,2008-Q3,5.042653681,
NZL,CPIFORECAST,TOT,AGRWTH,Q,2008-Q4,3.404337856,
NZL,CPIFORECAST,TOT,AGRWTH,Q,2009-Q1,2.918666169,
NZL,CPIFORECAST,TOT,AGRWTH,Q,2009-Q2,1.913223547,
NZL,CPIFORECAST,TOT,AGRWTH,Q,2009-Q3,1.664805435,
NZL,CPIFORECAST,TOT,AGRWTH,Q,2009-Q4,1.983613098,
NZL,CPIFORECAST,TOT,AGRWTH,Q,2010-Q1,1.976092546,
NZL,CPIFORECAST,TOT,AGRWTH,Q,2010-Q2,1.690881989,
NZL,CPIFORECAST,TOT,AGRWTH,Q,2010-Q3,1.485328343,
NZL,CPIFORECAST,TOT,AGRWTH,Q,2010-Q4,4.040667179,
NZL,CPIFORECAST,TOT,AGRWTH,Q,2011-Q1,4.412648884,
NZL,CPIFORECAST,TOT,AGRWTH,Q,2011-Q2,5.287148484,
NZL,CPIFORECAST,TOT,AGRWTH,Q,2011-Q3,4.631396859,
NZL,CPIFORECAST,TOT,AGRWTH,Q,2011-Q4,1.854038836,
NZL,CPIFORECAST,TOT,AGRWTH,Q,2012-Q1,1.547115783,
NZL,CPIFORECAST,TOT,AGRWTH,Q,2012-Q2,0.933932068,
NZL,CPIFORECAST,TOT,AGRWTH,Q,2012-Q3,0.822327239,
NZL,CPIFORECAST,TOT,AGRWTH,Q,2012-Q4,0.941286278,
NZL,CPIFORECAST,TOT,AGRWTH,Q,2013-Q1,0.864191313,
NZL,CPIFORECAST,TOT,AGRWTH,Q,2013-Q2,0.655153022,
NZL,CPIFORECAST,TOT,AGRWTH,Q,2013-Q3,1.401726335,
NZL,CPIFORECAST,TOT,AGRWTH,Q,2013-Q4,1.614849534,
NZL,CPIFORECAST,TOT,AGRWTH,Q,2014-Q1,1.535741646,
NZL,CPIFORECAST,TOT,AGRWTH,Q,2014-Q2,1.605349116,
NZL,CPIFORECAST,TOT,AGRWTH,Q,2014-Q3,1.025320306,
NZL,CPIFORECAST,TOT,AGRWTH,Q,2014-Q4,0.750951335,
NOR,CPIFORECAST,TOT,AGRWTH,Q,2004-Q1,-1.34859011,
NOR,CPIFORECAST,TOT,AGRWTH,Q,2004-Q2,0.914380715,
NOR,CPIFORECAST,TOT,AGRWTH,Q,2004-Q3,1.161343841,
NOR,CPIFORECAST,TOT,AGRWTH,Q,2004-Q4,1.15990058,
NOR,CPIFORECAST,TOT,AGRWTH,Q,2005-Q1,1.118475559,
NOR,CPIFORECAST,TOT,AGRWTH,Q,2005-Q2,1.523887974,
NOR,CPIFORECAST,TOT,AGRWTH,Q,2005-Q3,1.68101681,
NOR,CPIFORECAST,TOT,AGRWTH,Q,2005-Q4,1.760851761,
NOR,CPIFORECAST,TOT,AGRWTH,Q,2006-Q1,2.335108562,
NOR,CPIFORECAST,TOT,AGRWTH,Q,2006-Q2,2.434077079,
NOR,CPIFORECAST,TOT,AGRWTH,Q,2006-Q3,2.217741935,
NOR,CPIFORECAST,TOT,AGRWTH,Q,2006-Q4,2.45472837,
NOR,CPIFORECAST,TOT,AGRWTH,Q,2007-Q1,1.000800641,
NOR,CPIFORECAST,TOT,AGRWTH,Q,2007-Q2,0.316831683,
NOR,CPIFORECAST,TOT,AGRWTH,Q,2007-Q3,0.157790927,
NOR,CPIFORECAST,TOT,AGRWTH,Q,2007-Q4,1.413982718,
NOR,CPIFORECAST,TOT,AGRWTH,Q,2008-Q1,3.487911217,
NOR,CPIFORECAST,TOT,AGRWTH,Q,2008-Q2,3.158310304,
NOR,CPIFORECAST,TOT,AGRWTH,Q,2008-Q3,4.76565577,
NOR,CPIFORECAST,TOT,AGRWTH,Q,2008-Q4,3.679318358,
NOR,CPIFORECAST,TOT,AGRWTH,Q,2009-Q1,2.374569131,
NOR,CPIFORECAST,TOT,AGRWTH,Q,2009-Q2,3.099885189,
NOR,CPIFORECAST,TOT,AGRWTH,Q,2009-Q3,1.766917293,
NOR,CPIFORECAST,TOT,AGRWTH,Q,2009-Q4,1.456854688,
NOR,CPIFORECAST,TOT,AGRWTH,Q,2010-Q1,2.918069585,
NOR,CPIFORECAST,TOT,AGRWTH,Q,2010-Q2,2.561247216,
NOR,CPIFORECAST,TOT,AGRWTH,Q,2010-Q3,1.920945696,
NOR,CPIFORECAST,TOT,AGRWTH,Q,2010-Q4,2.282768778,
NOR,CPIFORECAST,TOT,AGRWTH,Q,2011-Q1,1.381315885,
NOR,CPIFORECAST,TOT,AGRWTH,Q,2011-Q2,1.411509229,
NOR,CPIFORECAST,TOT,AGRWTH,Q,2011-Q3,1.486045669,
NOR,CPIFORECAST,TOT,AGRWTH,Q,2011-Q4,0.863930886,
NOR,CPIFORECAST,TOT,AGRWTH,Q,2012-Q1,0.860523485,
NOR,CPIFORECAST,TOT,AGRWTH,Q,2012-Q2,0.392576731,
NOR,CPIFORECAST,TOT,AGRWTH,Q,2012-Q3,0.321428571,
NOR,CPIFORECAST,TOT,AGRWTH,Q,2012-Q4,1.142041399,
NOR,CPIFORECAST,TOT,AGRWTH,Q,2013-Q1,1.279772485,
NOR,CPIFORECAST,TOT,AGRWTH,Q,2013-Q2,1.955207963,
NOR,CPIFORECAST,TOT,AGRWTH,Q,2013-Q3,2.919188323,
NOR,CPIFORECAST,TOT,AGRWTH,Q,2013-Q4,2.293577982,
NOR,CPIFORECAST,TOT,AGRWTH,Q,2014-Q1,2.211302211,
NOR,CPIFORECAST,TOT,AGRWTH,Q,2014-Q2,1.952580195,
NOR,CPIFORECAST,TOT,AGRWTH,Q,2014-Q3,2.075406434,
NOR,CPIFORECAST,TOT,AGRWTH,Q,2014-Q4,2.035184546,
POL,CPIFORECAST,TOT,AGRWTH,Q,2004-Q1,1.696465224,
POL,CPIFORECAST,TOT,AGRWTH,Q,2004-Q2,3.267257994,
POL,CPIFORECAST,TOT,AGRWTH,Q,2004-Q3,4.324106439,
POL,CPIFORECAST,TOT,AGRWTH,Q,2004-Q4,4.230993412,
POL,CPIFORECAST,TOT,AGRWTH,Q,2005-Q1,3.817288293,
POL,CPIFORECAST,TOT,AGRWTH,Q,2005-Q2,2.291528266,
POL,CPIFORECAST,TOT,AGRWTH,Q,2005-Q3,1.47413267,
POL,CPIFORECAST,TOT,AGRWTH,Q,2005-Q4,1.205977541,
POL,CPIFORECAST,TOT,AGRWTH,Q,2006-Q1,0.984626837,
POL,CPIFORECAST,TOT,AGRWTH,Q,2006-Q2,1.180253939,
POL,CPIFORECAST,TOT,AGRWTH,Q,2006-Q3,1.638215492,
POL,CPIFORECAST,TOT,AGRWTH,Q,2006-Q4,1.333286872,
POL,CPIFORECAST,TOT,AGRWTH,Q,2007-Q1,1.982822367,
POL,CPIFORECAST,TOT,AGRWTH,Q,2007-Q2,2.355783123,
POL,CPIFORECAST,TOT,AGRWTH,Q,2007-Q3,1.965046984,
POL,CPIFORECAST,TOT,AGRWTH,Q,2007-Q4,3.523876287,
POL,CPIFORECAST,TOT,AGRWTH,Q,2008-Q1,4.135816779,
POL,CPIFORECAST,TOT,AGRWTH,Q,2008-Q2,4.202306214,
POL,CPIFORECAST,TOT,AGRWTH,Q,2008-Q3,4.617742001,
POL,CPIFORECAST,TOT,AGRWTH,Q,2008-Q4,3.711101215,
POL,CPIFORECAST,TOT,AGRWTH,Q,2009-Q1,3.395557118,
POL,CPIFORECAST,TOT,AGRWTH,Q,2009-Q2,4.037002654,
POL,CPIFORECAST,TOT,AGRWTH,Q,2009-Q3,4.049102843,
POL,CPIFORECAST,TOT,AGRWTH,Q,2009-Q4,3.696137638,
POL,CPIFORECAST,TOT,AGRWTH,Q,2010-Q1,3.149747852,
POL,CPIFORECAST,TOT,AGRWTH,Q,2010-Q2,2.191051396,
POL,CPIFORECAST,TOT,AGRWTH,Q,2010-Q3,2.094569266,
POL,CPIFORECAST,TOT,AGRWTH,Q,2010-Q4,2.895663258,
POL,CPIFORECAST,TOT,AGRWTH,Q,2011-Q1,3.944536595,
POL,CPIFORECAST,TOT,AGRWTH,Q,2011-Q2,4.539067771,
POL,CPIFORECAST,TOT,AGRWTH,Q,2011-Q3,4.120370527,
POL,CPIFORECAST,TOT,AGRWTH,Q,2011-Q4,4.351033402,
POL,CPIFORECAST,TOT,AGRWTH,Q,2012-Q1,4.06666785,
POL,CPIFORECAST,TOT,AGRWTH,Q,2012-Q2,3.902675857,
POL,CPIFORECAST,TOT,AGRWTH,Q,2012-Q3,3.644278608,
POL,CPIFORECAST,TOT,AGRWTH,Q,2012-Q4,2.649194604,
POL,CPIFORECAST,TOT,AGRWTH,Q,2013-Q1,1.418489441,
POL,CPIFORECAST,TOT,AGRWTH,Q,2013-Q2,0.702589758,
POL,CPIFORECAST,TOT,AGRWTH,Q,2013-Q3,1.125940373,
POL,CPIFORECAST,TOT,AGRWTH,Q,2013-Q4,0.725935802,
POL,CPIFORECAST,TOT,AGRWTH,Q,2014-Q1,0.834545745,
POL,CPIFORECAST,TOT,AGRWTH,Q,2014-Q2,0.367063401,
POL,CPIFORECAST,TOT,AGRWTH,Q,2014-Q3,-0.298260694,
POL,CPIFORECAST,TOT,AGRWTH,Q,2014-Q4,-0.680262688,
SWE,CPIFORECAST,TOT,AGRWTH,Q,2004-Q1,0.057039427,
SWE,CPIFORECAST,TOT,AGRWTH,Q,2004-Q2,0.440247115,
SWE,CPIFORECAST,TOT,AGRWTH,Q,2004-Q3,0.549705015,
SWE,CPIFORECAST,TOT,AGRWTH,Q,2004-Q4,0.448662218,
SWE,CPIFORECAST,TOT,AGRWTH,Q,2005-Q1,0.292424496,
SWE,CPIFORECAST,TOT,AGRWTH,Q,2005-Q2,0.329099853,
SWE,CPIFORECAST,TOT,AGRWTH,Q,2005-Q3,0.501255118,
SWE,CPIFORECAST,TOT,AGRWTH,Q,2005-Q4,0.689245644,
SWE,CPIFORECAST,TOT,AGRWTH,Q,2006-Q1,0.824810998,
SWE,CPIFORECAST,TOT,AGRWTH,Q,2006-Q2,1.541095808,
SWE,CPIFORECAST,TOT,AGRWTH,Q,2006-Q3,1.56333089,
SWE,CPIFORECAST,TOT,AGRWTH,Q,2006-Q4,1.509985456,
SWE,CPIFORECAST,TOT,AGRWTH,Q,2007-Q1,1.974921042,
SWE,CPIFORECAST,TOT,AGRWTH,Q,2007-Q2,1.815087268,
SWE,CPIFORECAST,TOT,AGRWTH,Q,2007-Q3,1.929271138,
SWE,CPIFORECAST,TOT,AGRWTH,Q,2007-Q4,3.123370432,
SWE,CPIFORECAST,TOT,AGRWTH,Q,2008-Q1,3.22740444,
SWE,CPIFORECAST,TOT,AGRWTH,Q,2008-Q2,3.796703865,
SWE,CPIFORECAST,TOT,AGRWTH,Q,2008-Q3,4.30009478,
SWE,CPIFORECAST,TOT,AGRWTH,Q,2008-Q4,2.437472367,
SWE,CPIFORECAST,TOT,AGRWTH,Q,2009-Q1,0.754021078,
SWE,CPIFORECAST,TOT,AGRWTH,Q,2009-Q2,-0.573540333,
SWE,CPIFORECAST,TOT,AGRWTH,Q,2009-Q3,-1.39974298,
SWE,CPIFORECAST,TOT,AGRWTH,Q,2009-Q4,-0.73475202,
SWE,CPIFORECAST,TOT,AGRWTH,Q,2010-Q1,0.638846447,
SWE,CPIFORECAST,TOT,AGRWTH,Q,2010-Q2,0.943802416,
SWE,CPIFORECAST,TOT,AGRWTH,Q,2010-Q3,1.137632355,
SWE,CPIFORECAST,TOT,AGRWTH,Q,2010-Q4,1.90994775,
SWE,CPIFORECAST,TOT,AGRWTH,Q,2011-Q1,2.577076362,
SWE,CPIFORECAST,TOT,AGRWTH,Q,2011-Q2,3.265665928,
SWE,CPIFORECAST,TOT,AGRWTH,Q,2011-Q3,3.312602402,
SWE,CPIFORECAST,TOT,AGRWTH,Q,2011-Q4,2.691461396,
SWE,CPIFORECAST,TOT,AGRWTH,Q,2012-Q1,1.744763696,
SWE,CPIFORECAST,TOT,AGRWTH,Q,2012-Q2,1.124229614,
SWE,CPIFORECAST,TOT,AGRWTH,Q,2012-Q3,0.603987542,
SWE,CPIFORECAST,TOT,AGRWTH,Q,2012-Q4,0.094207479,
SWE,CPIFORECAST,TOT,AGRWTH,Q,2013-Q1,-0.048925471,
SWE,CPIFORECAST,TOT,AGRWTH,Q,2013-Q2,-0.268300224,
SWE,CPIFORECAST,TOT,AGRWTH,Q,2013-Q3,0.056590335,
SWE,CPIFORECAST,TOT,AGRWTH,Q,2013-Q4,0.083890297,
SWE,CPIFORECAST,TOT,AGRWTH,Q,2014-Q1,-0.324955754,
SWE,CPIFORECAST,TOT,AGRWTH,Q,2014-Q2,0.02100163,
SWE,CPIFORECAST,TOT,AGRWTH,Q,2014-Q3,-0.220923437,
SWE,CPIFORECAST,TOT,AGRWTH,Q,2014-Q4,-0.193442781,
CHE,CPIFORECAST,TOT,AGRWTH,Q,2004-Q1,0.117142069,
CHE,CPIFORECAST,TOT,AGRWTH,Q,2004-Q2,0.837224222,
CHE,CPIFORECAST,TOT,AGRWTH,Q,2004-Q3,0.938038943,
CHE,CPIFORECAST,TOT,AGRWTH,Q,2004-Q4,1.319329998,
CHE,CPIFORECAST,TOT,AGRWTH,Q,2005-Q1,1.415515988,
CHE,CPIFORECAST,TOT,AGRWTH,Q,2005-Q2,1.039853071,
CHE,CPIFORECAST,TOT,AGRWTH,Q,2005-Q3,1.162594447,
CHE,CPIFORECAST,TOT,AGRWTH,Q,2005-Q4,1.07183391,
CHE,CPIFORECAST,TOT,AGRWTH,Q,2006-Q1,1.298163113,
CHE,CPIFORECAST,TOT,AGRWTH,Q,2006-Q2,1.303903278,
CHE,CPIFORECAST,TOT,AGRWTH,Q,2006-Q3,1.170138289,
CHE,CPIFORECAST,TOT,AGRWTH,Q,2006-Q4,0.470312348,
CHE,CPIFORECAST,TOT,AGRWTH,Q,2007-Q1,0.130736231,
CHE,CPIFORECAST,TOT,AGRWTH,Q,2007-Q2,0.50368373,
CHE,CPIFORECAST,TOT,AGRWTH,Q,2007-Q3,0.601143758,
CHE,CPIFORECAST,TOT,AGRWTH,Q,2007-Q4,1.693861592,
CHE,CPIFORECAST,TOT,AGRWTH,Q,2008-Q1,2.47312542,
CHE,CPIFORECAST,TOT,AGRWTH,Q,2008-Q2,2.677938253,
CHE,CPIFORECAST,TOT,AGRWTH,Q,2008-Q3,2.937962222,
CHE,CPIFORECAST,TOT,AGRWTH,Q,2008-Q4,1.623107899,
CHE,CPIFORECAST,TOT,AGRWTH,Q,2009-Q1,-0.075001332,
CHE,CPIFORECAST,TOT,AGRWTH,Q,2009-Q2,-0.76166828,
CHE,CPIFORECAST,TOT,AGRWTH,Q,2009-Q3,-0.960903339,
CHE,CPIFORECAST,TOT,AGRWTH,Q,2009-Q4,-0.119388168,
CHE,CPIFORECAST,TOT,AGRWTH,Q,2010-Q1,1.016588811,
CHE,CPIFORECAST,TOT,AGRWTH,Q,2010-Q2,1.00821882,
CHE,CPIFORECAST,TOT,AGRWTH,Q,2010-Q3,0.343546118,
CHE,CPIFORECAST,TOT,AGRWTH,Q,2010-Q4,0.387804794,
CHE,CPIFORECAST,TOT,AGRWTH,Q,2011-Q1,0.517552164,
CHE,CPIFORECAST,TOT,AGRWTH,Q,2011-Q2,0.446354559,
CHE,CPIFORECAST,TOT,AGRWTH,Q,2011-Q3,0.379579179,
CHE,CPIFORECAST,TOT,AGRWTH,Q,2011-Q4,-0.416836601,
CHE,CPIFORECAST,TOT,AGRWTH,Q,2012-Q1,-0.902493116,
CHE,CPIFORECAST,TOT,AGRWTH,Q,2012-Q2,-0.93787052,
CHE,CPIFORECAST,TOT,AGRWTH,Q,2012-Q3,-0.573788697,
CHE,CPIFORECAST,TOT,AGRWTH,Q,2012-Q4,-0.352824996,
CHE,CPIFORECAST,TOT,AGRWTH,Q,2013-Q1,-0.345653065,
CHE,CPIFORECAST,TOT,AGRWTH,Q,2013-Q2,-0.351021876,
CHE,CPIFORECAST,TOT,AGRWTH,Q,2013-Q3,-0.099857742,
CHE,CPIFORECAST,TOT,AGRWTH,Q,2013-Q4,-0.07229628,
CHE,CPIFORECAST,TOT,AGRWTH,Q,2014-Q1,0.024651677,
CHE,CPIFORECAST,TOT,AGRWTH,Q,2014-Q2,0.120000063,
CHE,CPIFORECAST,TOT,AGRWTH,Q,2014-Q3,-0.042150352,
CHE,CPIFORECAST,TOT,AGRWTH,Q,2014-Q4,-0.155152581,
USA,CPIFORECAST,TOT,AGRWTH,Q,2004-Q1,1.8178513,
USA,CPIFORECAST,TOT,AGRWTH,Q,2004-Q2,2.785870357,
USA,CPIFORECAST,TOT,AGRWTH,Q,2004-Q3,2.674859931,
USA,CPIFORECAST,TOT,AGRWTH,Q,2004-Q4,3.384947785,
USA,CPIFORECAST,TOT,AGRWTH,Q,2005-Q1,3.035172291,
USA,CPIFORECAST,TOT,AGRWTH,Q,2005-Q2,2.922940655,
USA,CPIFORECAST,TOT,AGRWTH,Q,2005-Q3,3.819750044,
USA,CPIFORECAST,TOT,AGRWTH,Q,2005-Q4,3.674677813,
USA,CPIFORECAST,TOT,AGRWTH,Q,2006-Q1,3.690868134,
USA,CPIFORECAST,TOT,AGRWTH,Q,2006-Q2,3.924268503,
USA,CPIFORECAST,TOT,AGRWTH,Q,2006-Q3,3.340115293,
USA,CPIFORECAST,TOT,AGRWTH,Q,2006-Q4,1.965395599,
USA,CPIFORECAST,TOT,AGRWTH,Q,2007-Q1,2.43165107,
USA,CPIFORECAST,TOT,AGRWTH,Q,2007-Q2,2.665286519,
USA,CPIFORECAST,TOT,AGRWTH,Q,2007-Q3,2.348974569,
USA,CPIFORECAST,TOT,AGRWTH,Q,2007-Q4,4.031136738,
USA,CPIFORECAST,TOT,AGRWTH,Q,2008-Q1,4.137035424,
USA,CPIFORECAST,TOT,AGRWTH,Q,2008-Q2,4.310421315,
USA,CPIFORECAST,TOT,AGRWTH,Q,2008-Q3,5.252501936,
USA,CPIFORECAST,TOT,AGRWTH,Q,2008-Q4,1.595802803,
USA,CPIFORECAST,TOT,AGRWTH,Q,2009-Q1,-0.184236788,
USA,CPIFORECAST,TOT,AGRWTH,Q,2009-Q2,-0.942140044,
USA,CPIFORECAST,TOT,AGRWTH,Q,2009-Q3,-1.606956013,
USA,CPIFORECAST,TOT,AGRWTH,Q,2009-Q4,1.48765638,
USA,CPIFORECAST,TOT,AGRWTH,Q,2010-Q1,2.352570029,
USA,CPIFORECAST,TOT,AGRWTH,Q,2010-Q2,1.775273566,
USA,CPIFORECAST,TOT,AGRWTH,Q,2010-Q3,1.202881591,
USA,CPIFORECAST,TOT,AGRWTH,Q,2010-Q4,1.229783901,
USA,CPIFORECAST,TOT,AGRWTH,Q,2011-Q1,2.148217665,
USA,CPIFORECAST,TOT,AGRWTH,Q,2011-Q2,3.34610641,
USA,CPIFORECAST,TOT,AGRWTH,Q,2011-Q3,3.715951135,
USA,CPIFORECAST,TOT,AGRWTH,Q,2011-Q4,3.344727711,
USA,CPIFORECAST,TOT,AGRWTH,Q,2012-Q1,2.829323361,
USA,CPIFORECAST,TOT,AGRWTH,Q,2012-Q2,1.887918303,
USA,CPIFORECAST,TOT,AGRWTH,Q,2012-Q3,1.684859711,
USA,CPIFORECAST,TOT,AGRWTH,Q,2012-Q4,1.903567832,
USA,CPIFORECAST,TOT,AGRWTH,Q,2013-Q1,1.740201875,
USA,CPIFORECAST,TOT,AGRWTH,Q,2013-Q2,1.414723261,
USA,CPIFORECAST,TOT,AGRWTH,Q,2013-Q3,1.504953424,
USA,CPIFORECAST,TOT,AGRWTH,Q,2013-Q4,1.207304915,
USA,CPIFORECAST,TOT,AGRWTH,Q,2014-Q1,1.429907964,
USA,CPIFORECAST,TOT,AGRWTH,Q,2014-Q2,2.080343612,
USA,CPIFORECAST,TOT,AGRWTH,Q,2014-Q3,1.790970139,
USA,CPIFORECAST,TOT,AGRWTH,Q,2014-Q4,1.164005648,
CHL,CPIFORECAST,TOT,AGRWTH,Q,2004-Q1,0.097298688,
CHL,CPIFORECAST,TOT,AGRWTH,Q,2004-Q2,0.509138201,
CHL,CPIFORECAST,TOT,AGRWTH,Q,2004-Q3,1.357441901,
CHL,CPIFORECAST,TOT,AGRWTH,Q,2004-Q4,2.259172105,
CHL,CPIFORECAST,TOT,AGRWTH,Q,2005-Q1,2.369132623,
CHL,CPIFORECAST,TOT,AGRWTH,Q,2005-Q2,2.844163145,
CHL,CPIFORECAST,TOT,AGRWTH,Q,2005-Q3,3.199135595,
CHL,CPIFORECAST,TOT,AGRWTH,Q,2005-Q4,3.78324856,
CHL,CPIFORECAST,TOT,AGRWTH,Q,2006-Q1,4.084455253,
CHL,CPIFORECAST,TOT,AGRWTH,Q,2006-Q2,3.892205688,
CHL,CPIFORECAST,TOT,AGRWTH,Q,2006-Q3,3.412569501,
CHL,CPIFORECAST,TOT,AGRWTH,Q,2006-Q4,2.211879888,
CHL,CPIFORECAST,TOT,AGRWTH,Q,2007-Q1,2.660460642,
CHL,CPIFORECAST,TOT,AGRWTH,Q,2007-Q2,2.924613179,
CHL,CPIFORECAST,TOT,AGRWTH,Q,2007-Q3,4.767235448,
CHL,CPIFORECAST,TOT,AGRWTH,Q,2007-Q4,7.246297765,
CHL,CPIFORECAST,TOT,AGRWTH,Q,2008-Q1,7.913764373,
CHL,CPIFORECAST,TOT,AGRWTH,Q,2008-Q2,8.889218807,
CHL,CPIFORECAST,TOT,AGRWTH,Q,2008-Q3,9.416939001,
CHL,CPIFORECAST,TOT,AGRWTH,Q,2008-Q4,8.62333785,
CHL,CPIFORECAST,TOT,AGRWTH,Q,2009-Q1,4.698000276,
CHL,CPIFORECAST,TOT,AGRWTH,Q,2009-Q2,1.754104678,
CHL,CPIFORECAST,TOT,AGRWTH,Q,2009-Q3,-1.742369258,
CHL,CPIFORECAST,TOT,AGRWTH,Q,2009-Q4,-2.997555333,
CHL,CPIFORECAST,TOT,AGRWTH,Q,2010-Q1,-0.389674369,
CHL,CPIFORECAST,TOT,AGRWTH,Q,2010-Q2,1.126910684,
CHL,CPIFORECAST,TOT,AGRWTH,Q,2010-Q3,2.410416999,
CHL,CPIFORECAST,TOT,AGRWTH,Q,2010-Q4,2.519952776,
CHL,CPIFORECAST,TOT,AGRWTH,Q,2011-Q1,2.817010223,
CHL,CPIFORECAST,TOT,AGRWTH,Q,2011-Q2,3.228963272,
CHL,CPIFORECAST,TOT,AGRWTH,Q,2011-Q3,3.243641253,
CHL,CPIFORECAST,TOT,AGRWTH,Q,2011-Q4,4.064744993,
CHL,CPIFORECAST,TOT,AGRWTH,Q,2012-Q1,4.078005788,
CHL,CPIFORECAST,TOT,AGRWTH,Q,2012-Q2,3.051281498,
CHL,CPIFORECAST,TOT,AGRWTH,Q,2012-Q3,2.714954419,
CHL,CPIFORECAST,TOT,AGRWTH,Q,2012-Q4,2.21397787,
CHL,CPIFORECAST,TOT,AGRWTH,Q,2013-Q1,1.451273852,
CHL,CPIFORECAST,TOT,AGRWTH,Q,2013-Q2,1.252133949,
CHL,CPIFORECAST,TOT,AGRWTH,Q,2013-Q3,2.115120154,
CHL,CPIFORECAST,TOT,AGRWTH,Q,2013-Q4,2.33328074,
CHL,CPIFORECAST,TOT,AGRWTH,Q,2014-Q1,3.430048669,
CHL,CPIFORECAST,TOT,AGRWTH,Q,2014-Q2,5.045834054,
CHL,CPIFORECAST,TOT,AGRWTH,Q,2014-Q3,4.874633198,
CHL,CPIFORECAST,TOT,AGRWTH,Q,2014-Q4,5.506327378,
CHN,CPIFORECAST,TOT,AGRWTH,Q,2004-Q1,2.940453839,
CHN,CPIFORECAST,TOT,AGRWTH,Q,2004-Q2,4.273291818,
CHN,CPIFORECAST,TOT,AGRWTH,Q,2004-Q3,4.870598533,
CHN,CPIFORECAST,TOT,AGRWTH,Q,2004-Q4,3.222537598,
CHN,CPIFORECAST,TOT,AGRWTH,Q,2005-Q1,2.780007618,
CHN,CPIFORECAST,TOT,AGRWTH,Q,2005-Q2,1.713165128,
CHN,CPIFORECAST,TOT,AGRWTH,Q,2005-Q3,1.23294189,
CHN,CPIFORECAST,TOT,AGRWTH,Q,2005-Q4,1.402306355,
CHN,CPIFORECAST,TOT,AGRWTH,Q,2006-Q1,1.459753905,
CHN,CPIFORECAST,TOT,AGRWTH,Q,2006-Q2,1.635668741,
CHN,CPIFORECAST,TOT,AGRWTH,Q,2006-Q3,1.51690965,
CHN,CPIFORECAST,TOT,AGRWTH,Q,2006-Q4,1.982728938,
CHN,CPIFORECAST,TOT,AGRWTH,Q,2007-Q1,2.799679337,
CHN,CPIFORECAST,TOT,AGRWTH,Q,2007-Q2,3.707831084,
CHN,CPIFORECAST,TOT,AGRWTH,Q,2007-Q3,5.973426909,
CHN,CPIFORECAST,TOT,AGRWTH,Q,2007-Q4,6.750919077,
CHN,CPIFORECAST,TOT,AGRWTH,Q,2008-Q1,8.209028565,
CHN,CPIFORECAST,TOT,AGRWTH,Q,2008-Q2,7.786176103,
CHN,CPIFORECAST,TOT,AGRWTH,Q,2008-Q3,5.26779886,
CHN,CPIFORECAST,TOT,AGRWTH,Q,2008-Q4,2.620544737,
CHN,CPIFORECAST,TOT,AGRWTH,Q,2009-Q1,-0.599116991,
CHN,CPIFORECAST,TOT,AGRWTH,Q,2009-Q2,-1.508318582,
CHN,CPIFORECAST,TOT,AGRWTH,Q,2009-Q3,-1.236272167,
CHN,CPIFORECAST,TOT,AGRWTH,Q,2009-Q4,0.440535295,
CHN,CPIFORECAST,TOT,AGRWTH,Q,2010-Q1,2.027720189,
CHN,CPIFORECAST,TOT,AGRWTH,Q,2010-Q2,2.732815292,
CHN,CPIFORECAST,TOT,AGRWTH,Q,2010-Q3,3.315206357,
CHN,CPIFORECAST,TOT,AGRWTH,Q,2010-Q4,4.607040276,
CHN,CPIFORECAST,TOT,AGRWTH,Q,2011-Q1,5.229967716,
CHN,CPIFORECAST,TOT,AGRWTH,Q,2011-Q2,5.893252295,
CHN,CPIFORECAST,TOT,AGRWTH,Q,2011-Q3,6.280006363,
CHN,CPIFORECAST,TOT,AGRWTH,Q,2011-Q4,4.716809275,
CHN,CPIFORECAST,TOT,AGRWTH,Q,2012-Q1,3.822040724,
CHN,CPIFORECAST,TOT,AGRWTH,Q,2012-Q2,2.851578435,
CHN,CPIFORECAST,TOT,AGRWTH,Q,2012-Q3,1.858436156,
CHN,CPIFORECAST,TOT,AGRWTH,Q,2012-Q4,1.959302059,
CHN,CPIFORECAST,TOT,AGRWTH,Q,2013-Q1,2.349747667,
CHN,CPIFORECAST,TOT,AGRWTH,Q,2013-Q2,2.363996412,
CHN,CPIFORECAST,TOT,AGRWTH,Q,2013-Q3,2.693849928,
CHN,CPIFORECAST,TOT,AGRWTH,Q,2013-Q4,2.866560101,
CHN,CPIFORECAST,TOT,AGRWTH,Q,2014-Q1,2.302568908,
CHN,CPIFORECAST,TOT,AGRWTH,Q,2014-Q2,2.244985631,
CHN,CPIFORECAST,TOT,AGRWTH,Q,2014-Q3,2.057199178,
CHN,CPIFORECAST,TOT,AGRWTH,Q,2014-Q4,1.62677456,
COL,CPIFORECAST,TOT,AGRWTH,Q,2004-Q1,6.238330495,
COL,CPIFORECAST,TOT,AGRWTH,Q,2004-Q2,5.743415644,
COL,CPIFORECAST,TOT,AGRWTH,Q,2004-Q3,5.956958566,
COL,CPIFORECAST,TOT,AGRWTH,Q,2004-Q4,5.69071065,
COL,CPIFORECAST,TOT,AGRWTH,Q,2005-Q1,5.236522785,
COL,CPIFORECAST,TOT,AGRWTH,Q,2005-Q2,5.036787742,
COL,CPIFORECAST,TOT,AGRWTH,Q,2005-Q3,4.868657913,
COL,CPIFORECAST,TOT,AGRWTH,Q,2005-Q4,5.055624624,
COL,CPIFORECAST,TOT,AGRWTH,Q,2006-Q1,4.288069883,
COL,CPIFORECAST,TOT,AGRWTH,Q,2006-Q2,4.083133845,
COL,CPIFORECAST,TOT,AGRWTH,Q,2006-Q3,4.49620178,
COL,CPIFORECAST,TOT,AGRWTH,Q,2006-Q4,4.314914224,
COL,CPIFORECAST,TOT,AGRWTH,Q,2007-Q1,5.248093878,
COL,CPIFORECAST,TOT,AGRWTH,Q,2007-Q2,6.21140699,
COL,CPIFORECAST,TOT,AGRWTH,Q,2007-Q3,5.311457327,
COL,CPIFORECAST,TOT,AGRWTH,Q,2007-Q4,5.409315381,
COL,CPIFORECAST,TOT,AGRWTH,Q,2008-Q1,6.072927359,
COL,CPIFORECAST,TOT,AGRWTH,Q,2008-Q2,6.456748758,
COL,CPIFORECAST,TOT,AGRWTH,Q,2008-Q3,7.665670818,
COL,CPIFORECAST,TOT,AGRWTH,Q,2008-Q4,7.757050756,
COL,CPIFORECAST,TOT,AGRWTH,Q,2009-Q1,6.562265306,
COL,CPIFORECAST,TOT,AGRWTH,Q,2009-Q2,4.81831424,
COL,CPIFORECAST,TOT,AGRWTH,Q,2009-Q3,3.233613243,
COL,CPIFORECAST,TOT,AGRWTH,Q,2009-Q4,2.327187356,
COL,CPIFORECAST,TOT,AGRWTH,Q,2010-Q1,1.984998163,
COL,CPIFORECAST,TOT,AGRWTH,Q,2010-Q2,2.160763308,
COL,CPIFORECAST,TOT,AGRWTH,Q,2010-Q3,2.298487607,
COL,CPIFORECAST,TOT,AGRWTH,Q,2010-Q4,2.635916393,
COL,CPIFORECAST,TOT,AGRWTH,Q,2011-Q1,3.245216283,
COL,CPIFORECAST,TOT,AGRWTH,Q,2011-Q2,3.084765974,
COL,CPIFORECAST,TOT,AGRWTH,Q,2011-Q3,3.478358744,
COL,CPIFORECAST,TOT,AGRWTH,Q,2011-Q4,3.85153107,
COL,CPIFORECAST,TOT,AGRWTH,Q,2012-Q1,3.501014991,
COL,CPIFORECAST,TOT,AGRWTH,Q,2012-Q2,3.379906666,
COL,CPIFORECAST,TOT,AGRWTH,Q,2012-Q3,3.078158037,
COL,CPIFORECAST,TOT,AGRWTH,Q,2012-Q4,2.726830122,
COL,CPIFORECAST,TOT,AGRWTH,Q,2013-Q1,1.912840821,
COL,CPIFORECAST,TOT,AGRWTH,Q,2013-Q2,2.055510793,
COL,CPIFORECAST,TOT,AGRWTH,Q,2013-Q3,2.258890722,
COL,CPIFORECAST,TOT,AGRWTH,Q,2013-Q4,1.844442565,
COL,CPIFORECAST,TOT,AGRWTH,Q,2014-Q1,2.316958205,
COL,CPIFORECAST,TOT,AGRWTH,Q,2014-Q2,2.785186263,
COL,CPIFORECAST,TOT,AGRWTH,Q,2014-Q3,2.935516418,
COL,CPIFORECAST,TOT,AGRWTH,Q,2014-Q4,3.548299208,
CRI,CPIFORECAST,TOT,AGRWTH,Q,2004-Q1,11.37934459,
CRI,CPIFORECAST,TOT,AGRWTH,Q,2004-Q2,11.52448302,
CRI,CPIFORECAST,TOT,AGRWTH,Q,2004-Q3,13.08127366,
CRI,CPIFORECAST,TOT,AGRWTH,Q,2004-Q4,13.19457954,
CRI,CPIFORECAST,TOT,AGRWTH,Q,2005-Q1,13.47336423,
CRI,CPIFORECAST,TOT,AGRWTH,Q,2005-Q2,14.02683877,
CRI,CPIFORECAST,TOT,AGRWTH,Q,2005-Q3,13.66443261,
CRI,CPIFORECAST,TOT,AGRWTH,Q,2005-Q4,14.00835784,
CRI,CPIFORECAST,TOT,AGRWTH,Q,2006-Q1,12.88655592,
CRI,CPIFORECAST,TOT,AGRWTH,Q,2006-Q2,12.00485413,
CRI,CPIFORECAST,TOT,AGRWTH,Q,2006-Q3,11.55887226,
CRI,CPIFORECAST,TOT,AGRWTH,Q,2006-Q4,9.595496097,
CRI,CPIFORECAST,TOT,AGRWTH,Q,2007-Q1,9.060579121,
CRI,CPIFORECAST,TOT,AGRWTH,Q,2007-Q2,9.27219785,
CRI,CPIFORECAST,TOT,AGRWTH,Q,2007-Q3,8.843337977,
CRI,CPIFORECAST,TOT,AGRWTH,Q,2007-Q4,10.22203058,
CRI,CPIFORECAST,TOT,AGRWTH,Q,2008-Q1,11.02933981,
CRI,CPIFORECAST,TOT,AGRWTH,Q,2008-Q2,11.86921686,
CRI,CPIFORECAST,TOT,AGRWTH,Q,2008-Q3,15.10014713,
CRI,CPIFORECAST,TOT,AGRWTH,Q,2008-Q4,15.4979768,
CRI,CPIFORECAST,TOT,AGRWTH,Q,2009-Q1,12.83730673,
CRI,CPIFORECAST,TOT,AGRWTH,Q,2009-Q2,9.754925448,
CRI,CPIFORECAST,TOT,AGRWTH,Q,2009-Q3,5.825828618,
CRI,CPIFORECAST,TOT,AGRWTH,Q,2009-Q4,3.581150177,
CRI,CPIFORECAST,TOT,AGRWTH,Q,2010-Q1,5.563785901,
CRI,CPIFORECAST,TOT,AGRWTH,Q,2010-Q2,5.9433546,
CRI,CPIFORECAST,TOT,AGRWTH,Q,2010-Q3,5.317991735,
CRI,CPIFORECAST,TOT,AGRWTH,Q,2010-Q4,5.825480635,
CRI,CPIFORECAST,TOT,AGRWTH,Q,2011-Q1,4.645348458,
CRI,CPIFORECAST,TOT,AGRWTH,Q,2011-Q2,4.806406234,
CRI,CPIFORECAST,TOT,AGRWTH,Q,2011-Q3,5.22446422,
CRI,CPIFORECAST,TOT,AGRWTH,Q,2011-Q4,4.832699429,
CRI,CPIFORECAST,TOT,AGRWTH,Q,2012-Q1,4.183426328,
CRI,CPIFORECAST,TOT,AGRWTH,Q,2012-Q2,4.699400621,
CRI,CPIFORECAST,TOT,AGRWTH,Q,2012-Q3,4.211862257,
CRI,CPIFORECAST,TOT,AGRWTH,Q,2012-Q4,4.87847671,
CRI,CPIFORECAST,TOT,AGRWTH,Q,2013-Q1,6.203351854,
CRI,CPIFORECAST,TOT,AGRWTH,Q,2013-Q2,5.537687723,
CRI,CPIFORECAST,TOT,AGRWTH,Q,2013-Q3,5.482900399,
CRI,CPIFORECAST,TOT,AGRWTH,Q,2013-Q4,3.750867068,
CRI,CPIFORECAST,TOT,AGRWTH,Q,2014-Q1,3.05811358,
CRI,CPIFORECAST,TOT,AGRWTH,Q,2014-Q2,4.173732469,
CRI,CPIFORECAST,TOT,AGRWTH,Q,2014-Q3,5.271686239,
CRI,CPIFORECAST,TOT,AGRWTH,Q,2014-Q4,5.547832156,
ISR,CPIFORECAST,TOT,AGRWTH,Q,2004-Q1,-2.543769944,
ISR,CPIFORECAST,TOT,AGRWTH,Q,2004-Q2,-0.65120552,
ISR,CPIFORECAST,TOT,AGRWTH,Q,2004-Q3,0.591644659,
ISR,CPIFORECAST,TOT,AGRWTH,Q,2004-Q4,1.019224222,
ISR,CPIFORECAST,TOT,AGRWTH,Q,2005-Q1,0.819148162,
ISR,CPIFORECAST,TOT,AGRWTH,Q,2005-Q2,0.34587969,
ISR,CPIFORECAST,TOT,AGRWTH,Q,2005-Q3,1.569355022,
ISR,CPIFORECAST,TOT,AGRWTH,Q,2005-Q4,2.511870974,
ISR,CPIFORECAST,TOT,AGRWTH,Q,2006-Q1,3.139285892,
ISR,CPIFORECAST,TOT,AGRWTH,Q,2006-Q2,3.549666067,
ISR,CPIFORECAST,TOT,AGRWTH,Q,2006-Q3,1.792401621,
ISR,CPIFORECAST,TOT,AGRWTH,Q,2006-Q4,-0.182027973,
ISR,CPIFORECAST,TOT,AGRWTH,Q,2007-Q1,-0.502341724,
ISR,CPIFORECAST,TOT,AGRWTH,Q,2007-Q2,-0.986267804,
ISR,CPIFORECAST,TOT,AGRWTH,Q,2007-Q3,0.74628351,
ISR,CPIFORECAST,TOT,AGRWTH,Q,2007-Q4,2.607934164,
ISR,CPIFORECAST,TOT,AGRWTH,Q,2008-Q1,3.494825712,
ISR,CPIFORECAST,TOT,AGRWTH,Q,2008-Q2,4.931194815,
ISR,CPIFORECAST,TOT,AGRWTH,Q,2008-Q3,5.181268966,
ISR,CPIFORECAST,TOT,AGRWTH,Q,2008-Q4,4.612406676,
ISR,CPIFORECAST,TOT,AGRWTH,Q,2009-Q1,3.434718236,
ISR,CPIFORECAST,TOT,AGRWTH,Q,2009-Q2,3.188045246,
ISR,CPIFORECAST,TOT,AGRWTH,Q,2009-Q3,3.183032831,
ISR,CPIFORECAST,TOT,AGRWTH,Q,2009-Q4,3.554977932,
ISR,CPIFORECAST,TOT,AGRWTH,Q,2010-Q1,3.500437305,
ISR,CPIFORECAST,TOT,AGRWTH,Q,2010-Q2,2.796848575,
ISR,CPIFORECAST,TOT,AGRWTH,Q,2010-Q3,2.069457073,
ISR,CPIFORECAST,TOT,AGRWTH,Q,2010-Q4,2.522551282,
ISR,CPIFORECAST,TOT,AGRWTH,Q,2011-Q1,3.963164849,
ISR,CPIFORECAST,TOT,AGRWTH,Q,2011-Q2,4.069666974,
ISR,CPIFORECAST,TOT,AGRWTH,Q,2011-Q3,3.389313537,
ISR,CPIFORECAST,TOT,AGRWTH,Q,2011-Q4,2.514215552,
ISR,CPIFORECAST,TOT,AGRWTH,Q,2012-Q1,1.767300262,
ISR,CPIFORECAST,TOT,AGRWTH,Q,2012-Q2,1.584898469,
ISR,CPIFORECAST,TOT,AGRWTH,Q,2012-Q3,1.820373544,
ISR,CPIFORECAST,TOT,AGRWTH,Q,2012-Q4,1.586299001,
ISR,CPIFORECAST,TOT,AGRWTH,Q,2013-Q1,1.385114049,
ISR,CPIFORECAST,TOT,AGRWTH,Q,2013-Q2,1.260412953,
ISR,CPIFORECAST,TOT,AGRWTH,Q,2013-Q3,1.717176255,
ISR,CPIFORECAST,TOT,AGRWTH,Q,2013-Q4,1.939356892,
ISR,CPIFORECAST,TOT,AGRWTH,Q,2014-Q1,1.306968403,
ISR,CPIFORECAST,TOT,AGRWTH,Q,2014-Q2,0.8458215,
ISR,CPIFORECAST,TOT,AGRWTH,Q,2014-Q3,0.02206472,
ISR,CPIFORECAST,TOT,AGRWTH,Q,2014-Q4,-0.215150368,